<?xml version='1.0'?>
<home version='7400' exportFlags='17' name='NUESTRA CASA.sh3d' camera='observerCamera' selectedLevel='level-48e9bfc1-6929-41f3-90d6-148a71448791' wallHeight='250.0'>
  <property name='AdvancedPhotoPanel.PhotoDialogX' value='96'/>
  <property name='AdvancedPhotoPanel.PhotoDialogY' value='50'/>
  <environment groundColor='00A8A8A8' skyColor='00CCE4FC' lightColor='00D0D0D0' allLevelsVisible='true'/>
  <observerCamera attribute='observerCamera' lens='PINHOLE' x='400.87137' y='940.67053' z='156.69507' yaw='113.37954' pitch='0.030796902' fieldOfView='1.7453293' time='1737208800190' fixedSize='true'/>
  <camera attribute='topCamera' lens='PINHOLE' x='246.86041' y='-104.04767' z='185.55' yaw='18.709023' pitch='0.0' fieldOfView='1.0995575' time='1737201600000'/>
  <level id='level-48e9bfc1-6929-41f3-90d6-148a71448791' name='Nivel 0' elevation='0.0' floorThickness='20.0' height='270.0' elevationIndex='0'/>
  <level id='level-8dbbfff1-953c-4a32-ae70-46f92ab68265' name='Nivel 1' elevation='290.0' floorThickness='20.0' height='270.0' elevationIndex='0'/>
  <level id='level-ffc2e599-1cc6-4d21-97f1-bdf342efae3b' name='Nivel 2' elevation='580.0' floorThickness='20.0' height='270.0' elevationIndex='0'/>
  <doorOrWindow level='level-48e9bfc1-6929-41f3-90d6-148a71448791' catalogId='eTeks#sliderWindow126x200' name='Ventana corredera' creator='eTeks' model='66' x='192.03326' y='1650.9601' elevation='11.0' angle='3.1415927' width='161.0' depth='25.200748' height='210.0' modelSize='7950' movable='false' cutOutShape='M0,0 v1 h1 v-1 z' wallCutOutOnBothSides='true'/>
  <doorOrWindow level='level-48e9bfc1-6929-41f3-90d6-148a71448791' catalogId='eTeks#sliderWindow126x200' name='Ventana corredera' creator='eTeks' model='66' x='353.03326' y='1650.9601' elevation='11.0' angle='3.1415927' width='161.0' depth='25.200748' height='210.0' modelSize='7950' movable='false' cutOutShape='M0,0 v1 h1 v-1 z' wallCutOutOnBothSides='true'/>
  <doorOrWindow level='level-48e9bfc1-6929-41f3-90d6-148a71448791' catalogId='OlaKristianHoff#door_window_thick' name='Puerta con ventanal' creator='Ola-Kristian Hoff' model='68/door_window_thick.obj' x='505.70532' y='1651.7651' elevation='11.0' angle='3.1415925' width='90.0' depth='23.590494' height='163.0' modelMirrored='true' modelSize='11707' movable='false' cutOutShape='M0,0 v1 h1 v-1 z' wallCutOutOnBothSides='true'/>
  <doorOrWindow level='level-48e9bfc1-6929-41f3-90d6-148a71448791' catalogId='eTeks#halfRoundWindow' name='Ventana semicircular' creator='eTeks' model='70' x='505.65814' y='1653.56' elevation='174.0' width='90.0' depth='20.00075' height='46.0' modelSize='8190' movable='false' cutOutShape='M0,1 a0.5,0.997 0 1,1 1,0 z' wallCutOutOnBothSides='true'/>
  <doorOrWindow level='level-48e9bfc1-6929-41f3-90d6-148a71448791' catalogId='OlaKristianHoff#fixed_window_2x2' name='Ventana pequeña fija' creator='Ola-Kristian Hoff' model='72/fixed_window_2x2.obj' x='609.5479' y='1653.2374' elevation='161.0' angle='3.1415927' width='60.0' depth='20.64591' height='60.0' modelSize='9276' movable='false' cutOutShape='M0,0 v1 h1 v-1 z' wallCutOutOnBothSides='true'/>
  <doorOrWindow level='level-48e9bfc1-6929-41f3-90d6-148a71448791' catalogId='OlaKristianHoff#window_shop' name='Cristalera' creator='Ola-Kristian Hoff' model='74/window_shop.obj' x='236.17737' y='543.5602' elevation='116.0' angle='1.7484555E-7' width='170.00002' depth='20.00075' height='114.0' modelSize='3355' movable='false' cutOutShape='M0,0 v1 h1 v-1 z' wallCutOutOnBothSides='true'>
    <material name='Frame_in' color='FF242424'/>
    <material name='Frame_out' color='FF242424'/>
  </doorOrWindow>
  <doorOrWindow level='level-48e9bfc1-6929-41f3-90d6-148a71448791' catalogId='PeterSmolik#door1' name='Puerta' creator='Peter Smolik' model='76/door1.obj' x='507.79742' y='1233.2256' width='91.4' depth='19.532892' height='213.7' modelMirrored='true' modelRotation='-1 0 0 0 1 0 0 0 -1' modelSize='1857741' movable='false' cutOutShape='M0,0 v1 h1 v-1 z' wallCutOutOnBothSides='true'/>
  <pieceOfFurniture level='level-48e9bfc1-6929-41f3-90d6-148a71448791' catalogId='Kator Legaz#porch-column-03' name='Columna' creator='Kator Legaz' model='78/porch-column-03.obj' x='447.68332' y='867.8781' width='40.0' depth='40.0' height='270.0' color='FF232323' modelSize='49502' movable='false'/>
  <doorOrWindow level='level-8dbbfff1-953c-4a32-ae70-46f92ab68265' catalogId='PeterSmolik#door1' name='Puerta' creator='Peter Smolik' model='76/door1.obj' x='512.1542' y='596.71313' angle='3.1415927' width='91.4' depth='19.532892' height='213.7' modelMirrored='true' modelRotation='-1 0 0 0 1 0 0 0 -1' modelSize='1857741' movable='false' cutOutShape='M0,0 v1 h1 v-1 z' wallCutOutOnBothSides='true'/>
  <doorOrWindow level='level-8dbbfff1-953c-4a32-ae70-46f92ab68265' catalogId='PeterSmolik#door1' name='Puerta' creator='Peter Smolik' model='76/door1.obj' x='452.47858' y='820.09247' angle='1.5707964' width='91.4' depth='26.043606' height='213.7' modelMirrored='true' modelRotation='-1 0 0 0 1 0 0 0 -1' modelSize='1857741' movable='false' cutOutShape='M0,0 v1 h1 v-1 z' wallCutOutOnBothSides='true'/>
  <doorOrWindow level='level-8dbbfff1-953c-4a32-ae70-46f92ab68265' catalogId='OlaKristianHoff#window_shop' name='Cristalera' creator='Ola-Kristian Hoff' model='74/window_shop.obj' x='274.98798' y='876.06006' elevation='170.00002' angle='3.1415927' width='211.0' depth='20.00075' height='40.0' modelSize='3355' movable='false' cutOutShape='M0,0 v1 h1 v-1 z' wallCutOutOnBothSides='true'/>
  <doorOrWindow level='level-8dbbfff1-953c-4a32-ae70-46f92ab68265' catalogId='OlaKristianHoff#window_shop' name='Cristalera' creator='Ola-Kristian Hoff' model='74/window_shop.obj' x='275.10254' y='1151.0764' elevation='170.0' angle='3.1415927' width='211.0' depth='15.00075' height='40.0' modelSize='3355' movable='false' cutOutShape='M0,0 v1 h1 v-1 z' wallCutOutOnBothSides='true'/>
  <doorOrWindow level='level-8dbbfff1-953c-4a32-ae70-46f92ab68265' catalogId='OlaKristianHoff#glass_door_framless' name='Puerta de cristal' creator='Ola-Kristian Hoff' model='80/glass_door_framless.obj' x='559.4757' y='1595.9054' angle='1.5707964' width='95.0' depth='20.0' height='210.5' modelSize='22234' movable='false' cutOutShape='M0,0 v1 h1 v-1 z' wallCutOutOnBothSides='true'>
    <material name='Glass_door' color='FFFFFFFF'/>
  </doorOrWindow>
  <doorOrWindow level='level-8dbbfff1-953c-4a32-ae70-46f92ab68265' catalogId='OlaKristianHoff#glass_door_framless' name='Puerta de cristal' creator='Ola-Kristian Hoff' model='80/glass_door_framless.obj' x='559.5831' y='1500.62' angle='1.5707964' width='95.0' depth='20.0' height='210.5' modelMirrored='true' modelSize='22234' movable='false' cutOutShape='M0,0 v1 h1 v-1 z' wallCutOutOnBothSides='true'>
    <material name='Glass_door' color='FFFFFFFF'/>
  </doorOrWindow>
  <doorOrWindow level='level-8dbbfff1-953c-4a32-ae70-46f92ab68265' catalogId='OlaKristianHoff#glass_door_framless' name='Puerta de cristal' creator='Ola-Kristian Hoff' model='80/glass_door_framless.obj' x='560.04285' y='1319.4764' angle='1.5707964' width='80.0' depth='20.0' height='210.5' modelMirrored='true' modelSize='22234' movable='false' cutOutShape='M0,0 v1 h1 v-1 z' wallCutOutOnBothSides='true'>
    <material name='Glass_door' color='FFFFFFFF'/>
  </doorOrWindow>
  <doorOrWindow level='level-8dbbfff1-953c-4a32-ae70-46f92ab68265' catalogId='OlaKristianHoff#glass_door_framless' name='Puerta de cristal' creator='Ola-Kristian Hoff' model='80/glass_door_framless.obj' x='559.7704' y='1399.0762' angle='1.5707964' width='78.0' depth='20.0' height='210.5' modelSize='22234' movable='false' cutOutShape='M0,0 v1 h1 v-1 z' wallCutOutOnBothSides='true'>
    <material name='Glass_door' color='FFFFFFFF'/>
  </doorOrWindow>
  <pieceOfFurniture level='level-8dbbfff1-953c-4a32-ae70-46f92ab68265' catalogId='OlaKristianHoff#bathroom_sink' name='Lavabo' creator='Ola-Kristian Hoff' model='82/bathroom_sink.obj' x='451.59253' y='1401.9651' elevation='20.0' angle='4.712389' width='90.0' depth='50.0' height='78.0' modelSize='49218'/>
  <pieceOfFurniture level='level-8dbbfff1-953c-4a32-ae70-46f92ab68265' catalogId='OlaKristianHoff#bathroom_sink' name='Lavabo' creator='Ola-Kristian Hoff' model='82/bathroom_sink.obj' x='451.59253' y='1311.9651' elevation='20.0' angle='4.712389' width='90.0' depth='50.0' height='78.0' modelSize='49218'/>
  <pieceOfFurniture level='level-48e9bfc1-6929-41f3-90d6-148a71448791' catalogId='Puybaret#metalBeam' name='Viga' creator='Emmanuel Puybaret' model='86' x='379.3402' y='108.774796' elevation='250.0' angle='3.1415927' width='590.0' depth='20.0' height='20.0' modelSize='2037' movable='false'>
    <material name='default' color='FF5F4800'/>
  </pieceOfFurniture>
  <doorOrWindow level='level-8dbbfff1-953c-4a32-ae70-46f92ab68265' catalogId='Kator Legaz#window-01' name='Ventana de guillotina' creator='Kator Legaz' model='88/window-01.obj' x='229.93582' y='1653.56' elevation='30.000002' angle='3.1415927' width='75.0' depth='20.00075' height='210.0' modelSize='21009' movable='false' cutOutShape='M0,0 v1 h1 v-1 z' wallCutOutOnBothSides='true'/>
  <doorOrWindow level='level-8dbbfff1-953c-4a32-ae70-46f92ab68265' catalogId='Kator Legaz#window-01' name='Ventana de guillotina' creator='Kator Legaz' model='88/window-01.obj' x='351.28302' y='1653.56' elevation='30.0' angle='3.1415927' width='75.0' depth='20.00075' height='210.0' modelSize='21009' movable='false' cutOutShape='M0,0 v1 h1 v-1 z' wallCutOutOnBothSides='true'/>
  <doorOrWindow level='level-48e9bfc1-6929-41f3-90d6-148a71448791' name='Door Arq N281122' model='90/Door%20Arq%20N281122.3ds.obj' x='455.5' y='479.8338' angle='4.712389' width='105.0' depth='20.00075' height='220.0' modelRotation='0 0 -1 0 1 0 1 0 0' modelSize='9963818' movable='false' wallCutOutOnBothSides='true'/>
  <doorOrWindow level='level-48e9bfc1-6929-41f3-90d6-148a71448791' catalogId='eTeks#halfRoundWindow' name='Ventana semicircular' creator='eTeks' model='70' x='552.5789' y='416.06015' elevation='164.0' width='91.0' depth='20.00075' height='46.0' modelMirrored='true' modelSize='8190' movable='false' cutOutShape='M0,1 a0.5,0.997 0 1,1 1,0 z' wallCutOutOnBothSides='true'>
    <material name='white' color='FF242424'/>
  </doorOrWindow>
  <doorOrWindow level='level-48e9bfc1-6929-41f3-90d6-148a71448791' catalogId='Scopia#turn-window' name='Ventana rotatoria' creator='Scopia' model='92/turn-window.obj' x='552.62915' y='412.5602' elevation='30.000002' angle='3.1415927' width='91.00001' depth='27.00075' height='134.0' modelSize='53892' movable='false' cutOutShape='M0,0 v1 h1 v-1 z' wallCutOutOnBothSides='true'>
    <material name='wood' color='FF242424'/>
  </doorOrWindow>
  <doorOrWindow level='level-48e9bfc1-6929-41f3-90d6-148a71448791' catalogId='Scopia#turn-window' name='Ventana rotatoria' creator='Scopia' model='92/turn-window.obj' x='393.80164' y='547.0602' elevation='114.0' angle='1.7484555E-7' width='41.0' depth='27.00075' height='116.0' modelSize='53892' movable='false' cutOutShape='M0,0 v1 h1 v-1 z' wallCutOutOnBothSides='true'>
    <material name='dark-aluminum' color='FF242424'/>
    <material name='grey-plastic' color='FF242424'/>
    <material name='wood' color='FF242424'/>
  </doorOrWindow>
  <doorOrWindow level='level-8dbbfff1-953c-4a32-ae70-46f92ab68265' catalogId='Scopia#turn-window' name='Ventana rotatoria' creator='Scopia' model='92/turn-window.obj' x='505.80194' y='1657.06' elevation='40.0' width='59.0' depth='27.00075' height='170.00002' modelSize='53892' movable='false' cutOutShape='M0,0 v1 h1 v-1 z' wallCutOutOnBothSides='true'/>
  <doorOrWindow level='level-8dbbfff1-953c-4a32-ae70-46f92ab68265' catalogId='Scopia#window_4x3' name='Balconera de 4 hojas con 3 paneles' creator='Scopia' model='94/window_4x3.obj' x='432.15097' y='103.706375' elevation='40.0' angle='3.1415927' width='160.3' depth='19.715034' height='178.0' modelSize='73943' movable='false' cutOutShape='M0,0 v1 h1 v-1 z' wallCutOutOnBothSides='true'>
    <material name='Cage_in' color='FF242424'/>
    <material name='Frame_in' color='FF242424'/>
    <material name='Frame_out' color='FF242424'/>
  </doorOrWindow>
  <doorOrWindow level='level-8dbbfff1-953c-4a32-ae70-46f92ab68265' catalogId='Scopia#window_4x3' name='Balconera de 4 hojas con 3 paneles' creator='Scopia' model='94/window_4x3.obj' x='342.24258' y='193.68704' elevation='40.0' angle='1.5707963' width='160.3' depth='19.715034' height='178.0' modelSize='73943' movable='false' cutOutShape='M0,0 v1 h1 v-1 z' wallCutOutOnBothSides='true'>
    <material name='Cage_in' color='FF242424'/>
    <material name='Cage_out' color='FF242424'/>
    <material name='Frame_in' color='FF242424'/>
    <material name='Frame_out' color='FF242424'/>
  </doorOrWindow>
  <doorOrWindow level='level-8dbbfff1-953c-4a32-ae70-46f92ab68265' catalogId='eTeks#doubleWindow126x163' name='Ventana doble' creator='eTeks' model='96' x='215.45905' y='539.9602' elevation='47.0' angle='3.1415927' width='132.00002' depth='27.20075' height='174.0' modelSize='13650' movable='false' cutOutShape='M0,0 v1 h1 v-1 z' wallCutOutOnBothSides='true'>
    <material name='white' color='FF242424'/>
  </doorOrWindow>
  <pieceOfFurniture level='level-8dbbfff1-953c-4a32-ae70-46f92ab68265' catalogId='OlaKristianHoff#window_flat_roof_skylight_bubble' name='Claraboya de techo' creator='Ola-Kristian Hoff' model='98/window_flat_roof_skylight_bubble.obj' x='629.5' y='878.1156' elevation='269.0' width='60.000004' depth='60.000004' height='45.0' modelSize='7797' movable='false' staircaseCutOutShape='M0,0 v1 h1 v-1 z'/>
  <pieceOfFurniture level='level-8dbbfff1-953c-4a32-ae70-46f92ab68265' catalogId='OlaKristianHoff#window_flat_roof_skylight_bubble' name='Claraboya de techo' creator='Ola-Kristian Hoff' model='98/window_flat_roof_skylight_bubble.obj' x='629.5' y='707.23486' elevation='269.0' width='60.0' depth='60.0' height='45.0' modelSize='7797' movable='false' staircaseCutOutShape='M0,0 v1 h1 v-1 z'/>
  <pieceOfFurniture level='level-8dbbfff1-953c-4a32-ae70-46f92ab68265' catalogId='OlaKristianHoff#window_flat_roof_skylight_bubble' name='Claraboya de techo' creator='Ola-Kristian Hoff' model='98/window_flat_roof_skylight_bubble.obj' x='629.49994' y='1048.997' elevation='269.0' width='60.0' depth='60.0' height='45.0' modelSize='7797' movable='false' staircaseCutOutShape='M0,0 v1 h1 v-1 z'/>
  <pieceOfFurniture level='level-8dbbfff1-953c-4a32-ae70-46f92ab68265' catalogId='OlaKristianHoff#window_flat_roof_skylight_bubble' name='Claraboya de techo' creator='Ola-Kristian Hoff' model='98/window_flat_roof_skylight_bubble.obj' x='195.9058' y='1011.0056' elevation='269.0' width='60.0' depth='60.0' height='45.0' modelSize='7797' movable='false' staircaseCutOutShape='M0,0 v1 h1 v-1 z'/>
  <pieceOfFurniture level='level-8dbbfff1-953c-4a32-ae70-46f92ab68265' catalogId='OlaKristianHoff#window_flat_roof_skylight_bubble' name='Claraboya de techo' creator='Ola-Kristian Hoff' model='98/window_flat_roof_skylight_bubble.obj' x='349.81326' y='1011.12573' elevation='269.0' width='60.0' depth='60.0' height='45.0' modelSize='7797' movable='false' staircaseCutOutShape='M0,0 v1 h1 v-1 z'/>
  <pieceOfFurniture level='level-48e9bfc1-6929-41f3-90d6-148a71448791' name='ESCALERA ACORDEON' model='100/ESCALERA%20ACORDEON.obj' x='609.49994' y='876.59094' angle='1.5707963' width='534.3' depth='100.0' height='371.1' modelSize='126703' movable='false' staircaseCutOutShape='M0,0 v1 h1 v-1 z'/>
  <pieceOfFurniture level='level-8dbbfff1-953c-4a32-ae70-46f92ab68265' catalogId='OlaKristianHoff#railing_glass' name='Barandilla de cristal' creator='Ola-Kristian Hoff' model='102/railing_glass.obj' x='465.57162' y='1014.5037' angle='1.5707963' width='255.0' depth='5.0' height='120.00001' modelSize='5016' movable='false'/>
  <pieceOfFurniture level='level-8dbbfff1-953c-4a32-ae70-46f92ab68265' catalogId='OlaKristianHoff#railing_glass' name='Barandilla de cristal' creator='Ola-Kristian Hoff' model='102/railing_glass.obj' x='556.99994' y='1015.2971' angle='1.5707963' width='255.0' depth='5.0' height='120.0' modelSize='5016' movable='false'/>
  <pieceOfFurniture level='level-8dbbfff1-953c-4a32-ae70-46f92ab68265' catalogId='OlaKristianHoff#railing_glass' name='Barandilla de cristal' creator='Ola-Kristian Hoff' model='102/railing_glass.obj' x='556.99994' y='752.392' angle='1.5707963' width='255.0' depth='5.0' height='120.0' modelSize='5016' movable='false'/>
  <pieceOfFurniture level='level-48e9bfc1-6929-41f3-90d6-148a71448791' catalogId='Pencilart#grillNgauge' name='Parrilla' creator='Pencilart' model='104/grillNgauge.obj' x='634.75' y='1862.6606' angle='1.5707964' width='92.0' depth='49.5' height='89.0' modelSize='853865'/>
  <pieceOfFurniture level='level-48e9bfc1-6929-41f3-90d6-148a71448791' catalogId='eTeks#texturableBox' name='Caja' creator='eTeks' model='106/texturableBox.obj' x='634.7' y='1786.06' elevation='53.0' width='49.6' depth='245.00002' height='15.000001' modelSize='1661'/>
  <pieceOfFurniture level='level-48e9bfc1-6929-41f3-90d6-148a71448791' catalogId='Blend Swap CC-0#plantie' name='Macetero' creator='Rendars' model='108/plantie.obj' x='625.43365' y='1717.0809' angle='1.5707964' width='68.9' depth='27.7' height='37.3' modelSize='538215'/>
  <pieceOfFurniture level='level-48e9bfc1-6929-41f3-90d6-148a71448791' catalogId='Blend Swap CC-0#plantie' name='Macetero' creator='Rendars' model='108/plantie.obj' x='626.58813' y='1792.5922' angle='1.5707964' width='68.9' depth='27.7' height='37.3' modelSize='538215'/>
  <pieceOfFurniture level='level-48e9bfc1-6929-41f3-90d6-148a71448791' catalogId='Sheep#interrupteur' name='Interruptor' creator='Sheep' model='110' x='481.08893' y='426.76022' elevation='115.0' angle='1.7484555E-7' width='8.0' depth='1.4' height='8.0' modelSize='2500' movable='false'/>
  <pieceOfFurniture level='level-48e9bfc1-6929-41f3-90d6-148a71448791' catalogId='Sheep#interrupteur' name='Interruptor' creator='Sheep' model='110' x='429.89178' y='554.2602' elevation='115.0' angle='1.7484555E-7' width='8.0' depth='1.4' height='8.0' modelSize='2500' movable='false'/>
  <pieceOfFurniture level='level-48e9bfc1-6929-41f3-90d6-148a71448791' catalogId='Sheep#interrupteur' name='Interruptor' creator='Sheep' model='110' x='437.89178' y='554.2602' elevation='115.0' angle='1.7484555E-7' width='8.0' depth='1.4' height='8.0' modelSize='2500' movable='false'/>
  <pieceOfFurniture level='level-48e9bfc1-6929-41f3-90d6-148a71448791' catalogId='Sheep#interrupteur' name='Interruptor' creator='Sheep' model='110' x='444.80844' y='1256.4794' elevation='115.0' angle='1.5707964' width='8.0' depth='1.4' height='8.0' modelSize='2500' movable='false'/>
  <pieceOfFurniture level='level-48e9bfc1-6929-41f3-90d6-148a71448791' catalogId='Sheep#interrupteur' name='Interruptor' creator='Sheep' model='110' x='444.80844' y='1264.4794' elevation='115.0' angle='1.5707964' width='8.0' depth='1.4' height='8.0' modelSize='2500' movable='false'/>
  <pieceOfFurniture level='level-48e9bfc1-6929-41f3-90d6-148a71448791' catalogId='Sheep#interrupteur' name='Interruptor' creator='Sheep' model='110' x='444.80844' y='1621.4886' elevation='115.0' angle='1.5707964' width='8.0' depth='1.4' height='8.0' modelSize='2500' movable='false'/>
  <pieceOfFurniture level='level-48e9bfc1-6929-41f3-90d6-148a71448791' catalogId='Pencilart#electricOutlet2' name='Enchufe doble' creator='Pencilart' model='112' x='445.25845' y='1282.7831' elevation='20.0' angle='1.5707964' width='7.1' depth='0.5' height='11.2' modelSize='4712' movable='false'/>
  <pieceOfFurniture level='level-48e9bfc1-6929-41f3-90d6-148a71448791' catalogId='Blend Swap CC-BY#toilets_unit_jay_hardy' name='Inodoro' creator='Jay-Artist' model='114/toilets_unit_jay_hardy.obj' x='624.5' y='1279.8046' angle='1.5707964' width='41.3' depth='70.0' height='76.6' modelSize='703662' movable='false'/>
  <pieceOfFurniture level='level-48e9bfc1-6929-41f3-90d6-148a71448791' catalogId='Alex#tendaDoccia' name='Cortina para esquina de ducha' creator='Alex' model='116/tendaDoccia.obj' x='578.0908' y='1349.8593' angle='1.5707964' width='58.8' depth='72.700005' depthInPlan='72.7' height='197.90001' modelSize='398263'>
    <material name='Curtain' color='FFB9FFFB'/>
  </pieceOfFurniture>
  <pieceOfFurniture level='level-48e9bfc1-6929-41f3-90d6-148a71448791' catalogId='Kator Legaz#showerHeadAndFaucet' name='Alcachofa ducha + Grifos' creator='Kator Legaz' model='118/showerHeadAndFaucet.obj' x='648.25' y='1395.7092' elevation='121.0' angle='1.5707964' width='24.5' depth='22.5' height='80.0' modelSize='486573'/>
  <pieceOfFurniture level='level-48e9bfc1-6929-41f3-90d6-148a71448791' catalogId='OlaKristianHoff#bathroom_sink' name='Lavabo' creator='Ola-Kristian Hoff' model='82/bathroom_sink.obj' x='501.74088' y='1410.337' elevation='35.0' angle='3.1415927' width='80.0' depth='55.0' height='60.000004' modelMirrored='true' modelSize='49218'>
    <material name='chrome'>
      <texture name='Madera clara' creator='Emmanuel Puybaret' catalogId='Puybaret#bleachedWood' width='40.0' height='80.0' image='8'/>
    </material>
    <material name='cupb'>
      <texture name='Pino' creator='Scopia' catalogId='eTeksScopia#wood-pine' width='60.0' height='60.0' image='119'/>
    </material>
  </pieceOfFurniture>
  <doorOrWindow level='level-48e9bfc1-6929-41f3-90d6-148a71448791' catalogId='OlaKristianHoff#fixed_window_2x2' name='Ventana pequeña fija' creator='Ola-Kristian Hoff' model='72/fixed_window_2x2.obj' x='606.8263' y='1445.9491' elevation='210.0' angle='1.7484555E-7' width='60.0' depth='15.48462' height='40.0' modelSize='9276' movable='false' cutOutShape='M0,0 v1 h1 v-1 z' wallCutOutOnBothSides='true'/>
  <pieceOfFurniture level='level-48e9bfc1-6929-41f3-90d6-148a71448791' catalogId='OlaKristianHoff#bathroom_cupboard_mirror' name='Armario de lavabo con espejo' creator='Ola-Kristian Hoff' model='121/bathroom_cupboard_mirror.obj' x='502.1997' y='1430.7072' elevation='110.00001' angle='3.1415927' width='60.0' depth='15.0' height='78.0' modelMirrored='true' modelSize='61860'/>
  <pieceOfFurniture level='level-48e9bfc1-6929-41f3-90d6-148a71448791' catalogId='Sheep#interrupteur' name='Interruptor' creator='Sheep' model='110' x='489.08893' y='426.76022' elevation='115.0' angle='1.7484555E-7' width='8.0' depth='1.4' height='8.0' modelSize='2500' movable='false'/>
  <pieceOfFurniture level='level-48e9bfc1-6929-41f3-90d6-148a71448791' catalogId='Sheep#interrupteur' name='Interruptor' creator='Sheep' model='110' x='497.08893' y='426.76022' elevation='115.0' angle='1.7484555E-7' width='8.0' depth='1.4' height='8.0' modelSize='2500' movable='false'/>
  <pieceOfFurniture level='level-48e9bfc1-6929-41f3-90d6-148a71448791' catalogId='Pencilart#electricOutlet2' name='Enchufe doble' creator='Pencilart' model='112' x='445.25845' y='1431.1938' elevation='160.0' angle='1.5707964' width='7.1' depth='0.5' height='11.2' modelSize='4712' movable='false'/>
  <pieceOfFurniture level='level-48e9bfc1-6929-41f3-90d6-148a71448791' catalogId='Pencilart#electricOutlet2' name='Enchufe doble' creator='Pencilart' model='112' x='460.75845' y='1404.6113' elevation='125.0' angle='4.712389' width='7.1' depth='0.5' height='11.2' modelSize='4712' movable='false'/>
  <pieceOfFurniture level='level-48e9bfc1-6929-41f3-90d6-148a71448791' catalogId='Pencilart#electricOutlet2' name='Enchufe doble' creator='Pencilart' model='112' x='99.74998' y='1215.5328' elevation='20.0' angle='4.712389' width='7.1' depth='0.5' height='11.2' modelSize='4712' movable='false'/>
  <pieceOfFurniture level='level-48e9bfc1-6929-41f3-90d6-148a71448791' catalogId='Pencilart#electricOutlet2' name='Enchufe doble' creator='Pencilart' model='112' x='99.75' y='1589.3911' elevation='20.0' angle='4.712389' width='7.1' depth='0.5' height='11.2' modelSize='4712' movable='false'/>
  <pieceOfFurniture level='level-48e9bfc1-6929-41f3-90d6-148a71448791' catalogId='Pencilart#electricOutlet2' name='Enchufe doble' creator='Pencilart' model='112' x='99.75' y='1020.8219' elevation='20.0' angle='4.712389' width='7.1' depth='0.5' height='11.2' modelSize='4712' movable='false'/>
  <pieceOfFurniture level='level-48e9bfc1-6929-41f3-90d6-148a71448791' catalogId='Pencilart#electricOutlet2' name='Enchufe doble' creator='Pencilart' model='112' x='99.75' y='781.95953' elevation='150.0' angle='4.712389' width='7.1' depth='0.5' height='11.2' modelSize='4712' movable='false'/>
  <pieceOfFurniture level='level-48e9bfc1-6929-41f3-90d6-148a71448791' catalogId='Pencilart#electricOutlet2' name='Enchufe doble' creator='Pencilart' model='112' x='233.55693' y='553.81055' elevation='100.0' angle='1.7484555E-7' width='7.1' depth='0.5' height='11.2' modelSize='4712' movable='false'/>
  <pieceOfFurniture level='level-48e9bfc1-6929-41f3-90d6-148a71448791' catalogId='Pencilart#electricOutlet2' name='Enchufe doble' creator='Pencilart' model='112' x='659.25' y='1123.442' elevation='45.0' angle='1.5707963' width='7.1' depth='0.5' height='11.2' modelSize='4712' movable='false'/>
  <pieceOfFurniture level='level-48e9bfc1-6929-41f3-90d6-148a71448791' catalogId='Pencilart#electricOutlet2' name='Enchufe doble' creator='Pencilart' model='112' x='659.25' y='1009.7284' elevation='45.0' angle='1.5707963' width='7.1' depth='0.5' height='11.2' modelSize='4712' movable='false'/>
  <pieceOfFurniture level='level-48e9bfc1-6929-41f3-90d6-148a71448791' catalogId='Sheep#interrupteur' name='Interruptor' creator='Sheep' model='110' x='461.20847' y='1267.4265' elevation='115.0' angle='4.712389' width='8.0' depth='1.4' height='8.0' modelSize='2500' movable='false'/>
  <pieceOfFurniture level='level-48e9bfc1-6929-41f3-90d6-148a71448791' catalogId='Sheep#interrupteur' name='Interruptor' creator='Sheep' model='110' x='561.747' y='1642.8601' elevation='115.0' angle='3.1415927' width='8.0' depth='1.4' height='8.0' modelSize='2500' movable='false'/>
  <pieceOfFurniture level='level-48e9bfc1-6929-41f3-90d6-148a71448791' catalogId='Pencilart#electricOutlet2' name='Enchufe doble' creator='Pencilart' model='112' x='659.25' y='1471.1909' elevation='125.0' angle='1.5707964' width='7.1' depth='0.5' height='11.2' modelSize='4712' movable='false'/>
  <pieceOfFurniture level='level-48e9bfc1-6929-41f3-90d6-148a71448791' catalogId='Pencilart#electricOutlet2' name='Enchufe doble' creator='Pencilart' model='112' x='659.25' y='1687.2751' elevation='20.0' angle='1.5707964' width='7.1' depth='0.5' height='11.2' modelSize='4712' movable='false'/>
  <light level='level-48e9bfc1-6929-41f3-90d6-148a71448791' catalogId='Kator Legaz#porch-light' name='Farol' creator='Kator Legaz' model='123/porch-light.obj' x='532.5022' y='1900.1606' elevation='180.0' angle='3.1415927' width='17.7' depth='17.0' height='32.0' modelSize='176895' movable='false'/>
  <light level='level-48e9bfc1-6929-41f3-90d6-148a71448791' catalogId='Kator Legaz#porch-light' name='Farol' creator='Kator Legaz' model='123/porch-light.obj' x='240.35373' y='1900.1606' elevation='180.0' angle='3.1415927' width='17.7' depth='17.0' height='32.0' modelSize='176895' movable='false'/>
  <light level='level-48e9bfc1-6929-41f3-90d6-148a71448791' catalogId='alaX#wall_lamp' name='Lámpara de pared' creator='alaX' model='125/wall_lamp.obj' x='105.0' y='132.2377' elevation='40.0' angle='4.712389' width='22.300001' depth='11.0' height='9.0' modelSize='64408'>
    <material name='metal' color='FF030000'/>
    <material name='wood' color='FF030000'/>
  </light>
  <light level='level-48e9bfc1-6929-41f3-90d6-148a71448791' catalogId='alaX#wall_lamp' name='Lámpara de pared' creator='alaX' model='125/wall_lamp.obj' x='105.0' y='258.33377' elevation='40.0' angle='4.712389' width='22.300001' depth='11.0' height='9.0' modelSize='64408'>
    <material name='metal' color='FF030000'/>
    <material name='wood' color='FF030000'/>
  </light>
  <light level='level-48e9bfc1-6929-41f3-90d6-148a71448791' catalogId='alaX#wall_lamp' name='Lámpara de pared' creator='alaX' model='125/wall_lamp.obj' x='105.0' y='363.0245' elevation='40.0' angle='4.712389' width='22.300001' depth='11.0' height='9.0' modelSize='64408'>
    <material name='metal' color='FF030000'/>
    <material name='wood' color='FF030000'/>
  </light>
  <light level='level-48e9bfc1-6929-41f3-90d6-148a71448791' catalogId='alaX#wall_lamp' name='Lámpara de pared' creator='alaX' model='125/wall_lamp.obj' x='654.0' y='359.75787' elevation='40.0' angle='1.5707964' width='22.300001' depth='11.0' height='9.0' modelSize='64408'>
    <material name='metal' color='FF030000'/>
    <material name='wood' color='FF030000'/>
  </light>
  <light level='level-48e9bfc1-6929-41f3-90d6-148a71448791' catalogId='alaX#wall_lamp' name='Lámpara de pared' creator='alaX' model='125/wall_lamp.obj' x='654.0' y='244.82977' elevation='40.0' angle='1.5707964' width='22.300001' depth='11.0' height='9.0' modelSize='64408'>
    <material name='metal' color='FF030000'/>
    <material name='wood' color='FF030000'/>
  </light>
  <light level='level-48e9bfc1-6929-41f3-90d6-148a71448791' catalogId='alaX#wall_lamp' name='Lámpara de pared' creator='alaX' model='125/wall_lamp.obj' x='654.0' y='132.67502' elevation='40.0' angle='1.5707964' width='22.300001' depth='11.0' height='9.0' modelSize='64408'>
    <material name='metal' color='FF030000'/>
    <material name='wood' color='FF030000'/>
  </light>
  <pieceOfFurniture level='level-48e9bfc1-6929-41f3-90d6-148a71448791' name='deltalight GRID SNAP-IN 82733 Lamp Point Spot N220623' model='127/deltalight%20GRID%20SNAP-IN%2082733%20Lamp%20Point%20Spot%20N220623.3ds.obj' x='505.9281' y='189.55298' elevation='268.0' width='22.4' depth='22.4' height='8.0' modelSize='2169295'/>
  <pieceOfFurniture level='level-48e9bfc1-6929-41f3-90d6-148a71448791' name='deltalight GRID SNAP-IN 82733 Lamp Point Spot N220623' model='127/deltalight%20GRID%20SNAP-IN%2082733%20Lamp%20Point%20Spot%20N220623.3ds.obj' x='567.80817' y='512.9503' elevation='268.0' width='22.4' depth='22.4' height='8.0' modelSize='2169295'/>
  <pieceOfFurniture level='level-48e9bfc1-6929-41f3-90d6-148a71448791' name='deltalight GRID SNAP-IN 82733 Lamp Point Spot N220623' model='127/deltalight%20GRID%20SNAP-IN%2082733%20Lamp%20Point%20Spot%20N220623.3ds.obj' x='292.78665' y='691.16376' elevation='268.0' width='50.0' depth='50.0' height='8.0' modelSize='2169295'/>
  <pieceOfFurniture level='level-48e9bfc1-6929-41f3-90d6-148a71448791' name='deltalight GRID SNAP-IN 82733 Lamp Point Spot N220623' model='127/deltalight%20GRID%20SNAP-IN%2082733%20Lamp%20Point%20Spot%20N220623.3ds.obj' x='506.38403' y='298.89697' elevation='268.0' width='22.4' depth='22.4' height='8.0' modelSize='2169295'/>
  <pieceOfFurniture level='level-48e9bfc1-6929-41f3-90d6-148a71448791' name='deltalight GRID SNAP-IN 82733 Lamp Point Spot N220623' model='127/deltalight%20GRID%20SNAP-IN%2082733%20Lamp%20Point%20Spot%20N220623.3ds.obj' x='265.7973' y='1271.9' elevation='268.0' width='22.4' depth='22.4' height='8.0' modelSize='2169295'/>
  <pieceOfFurniture level='level-48e9bfc1-6929-41f3-90d6-148a71448791' name='deltalight GRID SNAP-IN 82733 Lamp Point Spot N220623' model='127/deltalight%20GRID%20SNAP-IN%2082733%20Lamp%20Point%20Spot%20N220623.3ds.obj' x='268.11462' y='1492.924' elevation='268.0' width='22.4' depth='22.4' height='8.0' modelSize='2169295'/>
  <pieceOfFurniture level='level-48e9bfc1-6929-41f3-90d6-148a71448791' name='deltalight GRID SNAP-IN 82733 Lamp Point Spot N220623' model='127/deltalight%20GRID%20SNAP-IN%2082733%20Lamp%20Point%20Spot%20N220623.3ds.obj' x='548.2455' y='1305.86' elevation='268.0' width='22.4' depth='22.4' height='8.0' modelSize='2169295'/>
  <pieceOfFurniture level='level-48e9bfc1-6929-41f3-90d6-148a71448791' name='deltalight GRID SNAP-IN 82733 Lamp Point Spot N220623' model='127/deltalight%20GRID%20SNAP-IN%2082733%20Lamp%20Point%20Spot%20N220623.3ds.obj' x='559.86945' y='1542.7054' elevation='268.0' width='22.4' depth='22.4' height='8.0' modelSize='2169295'/>
  <pieceOfFurniture level='level-48e9bfc1-6929-41f3-90d6-148a71448791' name='LAMPARA DE PARED CIRCULAR' model='127/deltalight%20GRID%20SNAP-IN%2082733%20Lamp%20Point%20Spot%20N220623.3ds.obj' x='657.69995' y='594.6879' elevation='10.0' angle='1.5707963' width='10.0' depth='3.6000001' height='10.0' modelRotation='1 0 0 0 0 1 0 -1 0' modelSize='2169295'/>
  <pieceOfFurniture level='level-48e9bfc1-6929-41f3-90d6-148a71448791' name='LAMPARA DE PARED CIRCULAR' model='127/deltalight%20GRID%20SNAP-IN%2082733%20Lamp%20Point%20Spot%20N220623.3ds.obj' x='657.69995' y='686.12' elevation='58.0' angle='1.5707963' width='10.0' depth='3.6000001' height='10.0' modelRotation='1 0 0 0 0 1 0 -1 0' modelSize='2169295'/>
  <pieceOfFurniture level='level-48e9bfc1-6929-41f3-90d6-148a71448791' name='LAMPARA DE PARED CIRCULAR' model='127/deltalight%20GRID%20SNAP-IN%2082733%20Lamp%20Point%20Spot%20N220623.3ds.obj' x='657.69995' y='773.5835' elevation='106.0' angle='1.5707963' width='10.0' depth='3.6000001' height='10.0' modelRotation='1 0 0 0 0 1 0 -1 0' modelSize='2169295'/>
  <pieceOfFurniture level='level-48e9bfc1-6929-41f3-90d6-148a71448791' name='LAMPARA DE PARED CIRCULAR' model='127/deltalight%20GRID%20SNAP-IN%2082733%20Lamp%20Point%20Spot%20N220623.3ds.obj' x='657.69995' y='888.8262' elevation='158.0' angle='1.5707963' width='10.0' depth='3.6000001' height='10.0' modelRotation='1 0 0 0 0 1 0 -1 0' modelSize='2169295'/>
  <pieceOfFurniture level='level-48e9bfc1-6929-41f3-90d6-148a71448791' name='LAMPARA DE PARED CIRCULAR' model='127/deltalight%20GRID%20SNAP-IN%2082733%20Lamp%20Point%20Spot%20N220623.3ds.obj' x='657.7' y='1010.0216' elevation='208.0' angle='1.5707963' width='10.0' depth='3.6000001' height='10.0' modelRotation='1 0 0 0 0 1 0 -1 0' modelSize='2169295'/>
  <pieceOfFurniture level='level-48e9bfc1-6929-41f3-90d6-148a71448791' name='LAMPARA DE PARED CIRCULAR' model='127/deltalight%20GRID%20SNAP-IN%2082733%20Lamp%20Point%20Spot%20N220623.3ds.obj' x='657.7' y='1098.8082' elevation='258.0' angle='1.5707963' width='10.0' depth='3.6000001' height='10.0' modelRotation='1 0 0 0 0 1 0 -1 0' modelSize='2169295'/>
  <pieceOfFurniture level='level-48e9bfc1-6929-41f3-90d6-148a71448791' catalogId='Sheep#interrupteur' name='Interruptor' creator='Sheep' model='110' x='100.2' y='892.7491' elevation='115.0' angle='4.712389' width='8.0' depth='1.4' height='8.0' modelSize='2500' movable='false'/>
  <pieceOfFurniture level='level-8dbbfff1-953c-4a32-ae70-46f92ab68265' name='deltalight GRID SNAP-IN 82733 Lamp Point Spot N220623' model='127/deltalight%20GRID%20SNAP-IN%2082733%20Lamp%20Point%20Spot%20N220623.3ds.obj' x='246.66241' y='1363.3342' elevation='268.0' width='22.4' depth='22.4' height='8.0' modelSize='2169295'/>
  <pieceOfFurniture level='level-8dbbfff1-953c-4a32-ae70-46f92ab68265' catalogId='Sheep#interrupteur' name='Interruptor' creator='Sheep' model='110' x='433.44867' y='1159.2764' elevation='115.0' angle='1.7484555E-7' width='8.0' depth='1.4' height='8.0' modelSize='2500' movable='false'/>
  <pieceOfFurniture level='level-8dbbfff1-953c-4a32-ae70-46f92ab68265' catalogId='Sheep#interrupteur' name='Interruptor' creator='Sheep' model='110' x='452.70557' y='1264.2987' elevation='115.0' angle='1.7484555E-7' width='8.0' depth='1.4' height='8.0' modelSize='2500' movable='false'/>
  <pieceOfFurniture level='level-8dbbfff1-953c-4a32-ae70-46f92ab68265' name='deltalight GRID SNAP-IN 82733 Lamp Point Spot N220623' model='127/deltalight%20GRID%20SNAP-IN%2082733%20Lamp%20Point%20Spot%20N220623.3ds.obj' x='510.3254' y='1359.8184' elevation='268.0' width='22.4' depth='22.4' height='8.0' modelSize='2169295'/>
  <pieceOfFurniture level='level-8dbbfff1-953c-4a32-ae70-46f92ab68265' name='deltalight GRID SNAP-IN 82733 Lamp Point Spot N220623' model='127/deltalight%20GRID%20SNAP-IN%2082733%20Lamp%20Point%20Spot%20N220623.3ds.obj' x='509.99902' y='1541.4995' elevation='268.0' width='22.4' depth='22.4' height='8.0' modelSize='2169295'/>
  <pieceOfFurniture level='level-8dbbfff1-953c-4a32-ae70-46f92ab68265' catalogId='Sheep#interrupteur' name='Interruptor' creator='Sheep' model='110' x='658.7999' y='1155.4358' elevation='115.0' angle='1.5707964' width='8.0' depth='1.4' height='8.0' modelSize='2500' movable='false'/>
  <pieceOfFurniture level='level-8dbbfff1-953c-4a32-ae70-46f92ab68265' name='deltalight GRID SNAP-IN 82733 Lamp Point Spot N220623' model='127/deltalight%20GRID%20SNAP-IN%2082733%20Lamp%20Point%20Spot%20N220623.3ds.obj' x='513.9311' y='872.3013' elevation='268.0' width='22.4' depth='22.4' height='8.0' modelSize='2169295'/>
  <pieceOfFurniture level='level-8dbbfff1-953c-4a32-ae70-46f92ab68265' name='deltalight GRID SNAP-IN 82733 Lamp Point Spot N220623' model='127/deltalight%20GRID%20SNAP-IN%2082733%20Lamp%20Point%20Spot%20N220623.3ds.obj' x='269.78918' y='701.5385' elevation='268.0' width='22.4' depth='22.4' height='8.0' modelSize='2169295'/>
  <pieceOfFurniture level='level-8dbbfff1-953c-4a32-ae70-46f92ab68265' name='deltalight GRID SNAP-IN 82733 Lamp Point Spot N220623' model='127/deltalight%20GRID%20SNAP-IN%2082733%20Lamp%20Point%20Spot%20N220623.3ds.obj' x='508.8383' y='318.21002' elevation='268.0' width='22.4' depth='22.4' height='8.0' modelSize='2169295'/>
  <pieceOfFurniture level='level-8dbbfff1-953c-4a32-ae70-46f92ab68265' catalogId='Sheep#interrupteur' name='Interruptor' creator='Sheep' model='110' x='444.8' y='761.9653' elevation='115.0' angle='1.5707964' width='8.0' depth='1.4' height='8.0' modelSize='2500' movable='false'/>
  <pieceOfFurniture level='level-8dbbfff1-953c-4a32-ae70-46f92ab68265' catalogId='Sheep#interrupteur' name='Interruptor' creator='Sheep' model='110' x='574.4875' y='590.7792' elevation='115.0' angle='3.1415927' width='8.0' depth='1.4' height='8.0' modelSize='2500' movable='false'/>
  <pieceOfFurniture level='level-8dbbfff1-953c-4a32-ae70-46f92ab68265' catalogId='Sheep#interrupteur' name='Interruptor' creator='Sheep' model='110' x='466.2' y='622.4993' elevation='115.0' angle='4.712389' width='8.0' depth='1.4' height='8.0' modelSize='2500' movable='false'/>
  <pieceOfFurniture level='level-8dbbfff1-953c-4a32-ae70-46f92ab68265' catalogId='Pencilart#electricOutlet2' name='Enchufe doble' creator='Pencilart' model='112' x='99.74998' y='592.1811' elevation='29.800001' angle='4.712389' width='7.1' depth='0.5' height='11.2' modelSize='4712' movable='false'/>
  <pieceOfFurniture level='level-8dbbfff1-953c-4a32-ae70-46f92ab68265' catalogId='Pencilart#electricOutlet2' name='Enchufe doble' creator='Pencilart' model='112' x='659.25' y='493.1194' elevation='20.0' angle='1.5707964' width='7.1' depth='0.5' height='11.2' modelSize='4712' movable='false'/>
  <pieceOfFurniture level='level-8dbbfff1-953c-4a32-ae70-46f92ab68265' catalogId='Pencilart#electricOutlet2' name='Enchufe doble' creator='Pencilart' model='112' x='659.25' y='501.63947' elevation='20.0' angle='1.5707964' width='7.1' depth='0.5' height='11.2' modelSize='4712' movable='false'/>
  <pieceOfFurniture level='level-8dbbfff1-953c-4a32-ae70-46f92ab68265' catalogId='Pencilart#electricOutlet2' name='Enchufe doble' creator='Pencilart' model='112' x='352.34976' y='365.91187' elevation='130.0' angle='4.712389' width='7.1' depth='0.5' height='11.2' modelSize='4712' movable='false'/>
  <pieceOfFurniture level='level-8dbbfff1-953c-4a32-ae70-46f92ab68265' catalogId='Pencilart#electricOutlet2' name='Enchufe doble' creator='Pencilart' model='112' x='445.25' y='705.7157' elevation='45.7' angle='1.5707964' width='7.1' depth='0.5' height='11.2' modelSize='4712' movable='false'/>
  <pieceOfFurniture level='level-8dbbfff1-953c-4a32-ae70-46f92ab68265' catalogId='Pencilart#electricOutlet2' name='Enchufe doble' creator='Pencilart' model='112' x='445.25' y='706.3153' elevation='153.8' angle='1.5707964' width='7.1' depth='0.5' height='11.2' modelSize='4712' movable='false'/>
  <pieceOfFurniture level='level-8dbbfff1-953c-4a32-ae70-46f92ab68265' catalogId='Pencilart#electricOutlet2' name='Enchufe doble' creator='Pencilart' model='112' x='411.34253' y='1333.7625' elevation='154.0' angle='1.5707964' width='7.1' depth='0.5' height='11.2' modelSize='4712' movable='false'/>
  <doorOrWindow level='level-8dbbfff1-953c-4a32-ae70-46f92ab68265' catalogId='eTeks#doubleWindow126x123' name='Ventana doble pequeña' creator='eTeks' model='146' x='617.1933' y='1657.16' elevation='190.0' width='59.0' depth='27.20075' height='40.0' modelSize='13503' movable='false' cutOutShape='M0,0 v1 h1 v-1 z' wallCutOutOnBothSides='true'/>
  <pieceOfFurniture level='level-8dbbfff1-953c-4a32-ae70-46f92ab68265' catalogId='Sheep#interrupteur' name='Interruptor' creator='Sheep' model='110' x='444.70557' y='1264.2987' elevation='115.0' angle='1.7484555E-7' width='8.0' depth='1.4' height='8.0' modelSize='2500' movable='false'/>
  <pieceOfFurniture level='level-8dbbfff1-953c-4a32-ae70-46f92ab68265' catalogId='Pencilart#electricOutlet2' name='Enchufe doble' creator='Pencilart' model='112' x='99.75' y='1364.7808' elevation='31.5' angle='4.712389' width='7.1' depth='0.5' height='11.2' modelSize='4712' movable='false'/>
  <pieceOfFurniture level='level-8dbbfff1-953c-4a32-ae70-46f92ab68265' catalogId='Pencilart#electricOutlet2' name='Enchufe doble' creator='Pencilart' model='112' x='290.34613' y='1643.31' elevation='31.5' angle='3.1415927' width='7.1' depth='0.5' height='11.2' modelSize='4712' movable='false'/>
  <doorOrWindow level='level-48e9bfc1-6929-41f3-90d6-148a71448791' catalogId='OlaKristianHoff#fixed_window_2x2' name='Ventana pequeña fija' creator='Ola-Kristian Hoff' model='72/fixed_window_2x2.obj' x='504.047' y='1445.9491' elevation='210.0' angle='1.7484555E-7' width='60.0' depth='15.48462' height='40.0' modelSize='9276' movable='false' cutOutShape='M0,0 v1 h1 v-1 z' wallCutOutOnBothSides='true'/>
  <pieceOfFurniture level='level-48e9bfc1-6929-41f3-90d6-148a71448791' name='Algae' model='148/Algae%20N250413.3DS.obj' x='639.5' y='29.406555' angle='1.5707964' width='40.0' depth='40.0' height='40.0' modelSize='3607880'/>
  <pieceOfFurniture level='level-48e9bfc1-6929-41f3-90d6-148a71448791' name='Algae' model='148/Algae%20N250413.3DS.obj' x='639.5' y='69.406555' angle='0.5235988' width='40.0' depth='40.0' height='40.0' modelSize='3607880'/>
  <pieceOfFurniture level='level-48e9bfc1-6929-41f3-90d6-148a71448791' name='Algae' model='148/Algae%20N250413.3DS.obj' x='639.5' y='127.72923' angle='1.5707964' width='40.0' depth='40.0' height='40.0' modelSize='3607880'/>
  <pieceOfFurniture level='level-48e9bfc1-6929-41f3-90d6-148a71448791' name='Algae' model='148/Algae%20N250413.3DS.obj' x='639.5' y='167.72923' angle='0.7853982' width='40.0' depth='40.0' height='40.0' modelSize='3607880'/>
  <pieceOfFurniture level='level-48e9bfc1-6929-41f3-90d6-148a71448791' name='Algae' model='148/Algae%20N250413.3DS.obj' x='639.5' y='216.0135' angle='1.5707964' width='40.0' depth='40.0' height='40.0' modelSize='3607880'/>
  <pieceOfFurniture level='level-48e9bfc1-6929-41f3-90d6-148a71448791' name='Algae' model='148/Algae%20N250413.3DS.obj' x='639.5' y='263.0105' angle='0.7853982' width='40.0' depth='40.0' height='40.0' modelSize='3607880'/>
  <pieceOfFurniture level='level-48e9bfc1-6929-41f3-90d6-148a71448791' name='Algae' model='148/Algae%20N250413.3DS.obj' x='639.5' y='311.29477' angle='1.5707964' width='40.0' depth='40.0' height='40.0' modelSize='3607880'/>
  <pieceOfFurniture level='level-48e9bfc1-6929-41f3-90d6-148a71448791' name='Algae' model='148/Algae%20N250413.3DS.obj' x='639.5' y='370.56314' angle='3.6651917' width='40.0' depth='40.0' height='40.0' modelSize='3607880'/>
  <pieceOfFurniture level='level-48e9bfc1-6929-41f3-90d6-148a71448791' name='Algae' model='148/Algae%20N250413.3DS.obj' x='471.84335' y='386.0602' angle='3.1415927' width='40.0' depth='40.0' height='40.0' modelSize='3607880'/>
  <pieceOfFurniture level='level-48e9bfc1-6929-41f3-90d6-148a71448791' name='Algae' model='148/Algae%20N250413.3DS.obj' x='511.84335' y='386.0602' angle='2.6179938' width='40.0' depth='40.0' height='40.0' modelSize='3607880'/>
  <pieceOfFurniture level='level-48e9bfc1-6929-41f3-90d6-148a71448791' name='Algae' model='148/Algae%20N250413.3DS.obj' x='566.7611' y='386.0602' angle='3.1415927' width='40.0' depth='40.0' height='40.0' modelSize='3607880'/>
  <pieceOfFurniture level='level-48e9bfc1-6929-41f3-90d6-148a71448791' name='Algae' model='148/Algae%20N250413.3DS.obj' x='606.7611' y='386.0602' angle='1.8325958' width='40.0' depth='40.0' height='40.0' modelSize='3607880'/>
  <pieceOfFurniture level='level-8dbbfff1-953c-4a32-ae70-46f92ab68265' name='CANDELABRO' model='150/Luster%20PAOLO%20CASTELLI%20Allure%20Chandelier%20N210323.3ds.obj' x='273.2119' y='1011.53156' elevation='90.0' width='60.000004' depth='60.000004' height='180.0' modelSize='13782010'/>
  <pieceOfFurniture level='level-8dbbfff1-953c-4a32-ae70-46f92ab68265' catalogId='OlaKristianHoff#bathroom_cupboard_mirror' name='Armario de lavabo con espejo' creator='Ola-Kristian Hoff' model='121/bathroom_cupboard_mirror.obj' x='431.59253' y='1359.756' elevation='110.00001' angle='4.712389' width='170.00002' depth='10.0' height='120.00001' modelSize='61860'/>
  <furnitureGroup level='level-8dbbfff1-953c-4a32-ae70-46f92ab68265' name='ESCALERA MARINERA' x='609.0659' y='1223.7297' elevation='35.0' angle='3.1415927' width='100.0' depth='80.0' height='279.0' movable='false'>
    <pieceOfFurniture level='level-8dbbfff1-953c-4a32-ae70-46f92ab68265' catalogId='OlaKristianHoff#window_flat_roof_skylight_bubble' name='Claraboya de techo' creator='Ola-Kristian Hoff' model='98/window_flat_roof_skylight_bubble.obj' x='609.0659' y='1223.7297' elevation='269.0' width='100.0' depth='80.0' height='45.0' modelSize='7797' movable='false' staircaseCutOutShape='M0,0 v1 h1 v-1 z'>
      <material name='Glass' color='FF282828' shininess='0.0'/>
    </pieceOfFurniture>
    <pieceOfFurniture level='level-8dbbfff1-953c-4a32-ae70-46f92ab68265' catalogId='Puybaret#barreAppui' name='Asidero' creator='Emmanuel Puybaret' model='152/barreAppui.obj' x='611.8706' y='1258.2297' elevation='35.0' angle='3.1415927' width='57.600002' depth='11.0' height='7.5' modelSize='14040' movable='false'/>
    <pieceOfFurniture level='level-8dbbfff1-953c-4a32-ae70-46f92ab68265' catalogId='Puybaret#barreAppui' name='Asidero' creator='Emmanuel Puybaret' model='152/barreAppui.obj' x='611.8706' y='1258.2297' elevation='70.0' angle='3.1415927' width='57.600002' depth='11.0' height='7.5' modelSize='14040' movable='false'/>
    <pieceOfFurniture level='level-8dbbfff1-953c-4a32-ae70-46f92ab68265' catalogId='Puybaret#barreAppui' name='Asidero' creator='Emmanuel Puybaret' model='152/barreAppui.obj' x='611.87067' y='1258.2297' elevation='105.0' angle='3.1415927' width='57.600002' depth='11.0' height='7.5' modelSize='14040' movable='false'/>
    <pieceOfFurniture level='level-8dbbfff1-953c-4a32-ae70-46f92ab68265' catalogId='Puybaret#barreAppui' name='Asidero' creator='Emmanuel Puybaret' model='152/barreAppui.obj' x='611.87054' y='1258.2297' elevation='140.0' angle='3.1415927' width='57.600002' depth='11.0' height='7.5' modelSize='14040' movable='false'/>
    <pieceOfFurniture level='level-8dbbfff1-953c-4a32-ae70-46f92ab68265' catalogId='Puybaret#barreAppui' name='Asidero' creator='Emmanuel Puybaret' model='152/barreAppui.obj' x='611.8706' y='1258.2297' elevation='175.0' angle='3.1415927' width='57.600002' depth='11.0' height='7.5' modelSize='14040' movable='false'/>
    <pieceOfFurniture level='level-8dbbfff1-953c-4a32-ae70-46f92ab68265' catalogId='Puybaret#barreAppui' name='Asidero' creator='Emmanuel Puybaret' model='152/barreAppui.obj' x='611.8706' y='1258.2297' elevation='210.0' angle='3.1415927' width='57.600002' depth='11.0' height='7.5' modelSize='14040' movable='false'/>
    <pieceOfFurniture level='level-8dbbfff1-953c-4a32-ae70-46f92ab68265' catalogId='Puybaret#barreAppui' name='Asidero' creator='Emmanuel Puybaret' model='152/barreAppui.obj' x='611.8706' y='1258.2297' elevation='245.0' angle='3.1415927' width='57.600002' depth='11.0' height='7.5' modelSize='14040' movable='false'/>
  </furnitureGroup>
  <pieceOfFurniture level='level-8dbbfff1-953c-4a32-ae70-46f92ab68265' catalogId='Blend Swap CC-BY#toilets_unit_jay_hardy' name='Inodoro' creator='Jay-Artist' model='114/toilets_unit_jay_hardy.obj' x='615.10077' y='1403.2072' angle='3.1415927' width='41.3' depth='70.0' height='76.6' modelSize='703662' movable='false'/>
  <pieceOfFurniture level='level-8dbbfff1-953c-4a32-ae70-46f92ab68265' catalogId='Kator Legaz#showerHeadAndFaucet' name='Alcachofa ducha + Grifos' creator='Kator Legaz' model='118/showerHeadAndFaucet.obj' x='616.12384' y='1464.4572' elevation='121.0' angle='1.7484555E-7' width='24.5' depth='22.5' height='80.0' modelSize='486573'/>
  <wall id='wall-953283a6-b381-43a8-a1d6-45bb14dda878' level='level-48e9bfc1-6929-41f3-90d6-148a71448791' wallAtEnd='wall-21f4dea5-9791-4995-abed-1d86b475dd80' xStart='669.5' yStart='3.6601562' xEnd='669.5' yEnd='416.0602' height='270.0' thickness='20.0' pattern='hatchUp'>
    <texture attribute='rightSideTexture' name='Estucado' creator='Scopia' catalogId='eTeksScopia#white-little-roughcast' width='70.0' height='70.0' scale='0.3' image='160'/>
  </wall>
  <wall id='wall-21f4dea5-9791-4995-abed-1d86b475dd80' level='level-48e9bfc1-6929-41f3-90d6-148a71448791' wallAtStart='wall-953283a6-b381-43a8-a1d6-45bb14dda878' wallAtEnd='wall-0df81223-5f95-48e6-9812-be6b2817c942' xStart='669.5' yStart='416.0602' xEnd='455.5' yEnd='416.0602' height='270.0' thickness='20.0' pattern='hatchUp'>
    <texture attribute='rightSideTexture' name='Ladrillos viejos grises' creator='Scopia' catalogId='eTeksScopia#old_grey_bricks' width='100.0' height='100.0' scale='0.3' image='161'/>
  </wall>
  <wall id='wall-0df81223-5f95-48e6-9812-be6b2817c942' level='level-48e9bfc1-6929-41f3-90d6-148a71448791' wallAtStart='wall-21f4dea5-9791-4995-abed-1d86b475dd80' wallAtEnd='wall-1e745d4d-5633-41d6-8eb9-b670612efd11' xStart='455.5' yStart='416.0602' xEnd='455.5' yEnd='543.5602' height='270.0' thickness='20.0' pattern='hatchUp'>
    <texture attribute='rightSideTexture' name='Ladrillos viejos grises' creator='Scopia' catalogId='eTeksScopia#old_grey_bricks' width='100.0' height='100.0' image='161'/>
  </wall>
  <wall id='wall-1e745d4d-5633-41d6-8eb9-b670612efd11' level='level-48e9bfc1-6929-41f3-90d6-148a71448791' wallAtStart='wall-0df81223-5f95-48e6-9812-be6b2817c942' wallAtEnd='wall-810e8116-c545-418e-910a-acac65653d81' xStart='455.5' yStart='543.5602' xEnd='89.5' yEnd='543.5602' height='270.0' thickness='20.0' pattern='hatchUp' leftSideColor='FFFFFFFF'>
    <texture attribute='rightSideTexture' name='Estucado' creator='Scopia' catalogId='eTeksScopia#white-little-roughcast' width='70.0' height='70.0' scale='0.3' image='160'/>
  </wall>
  <wall id='wall-810e8116-c545-418e-910a-acac65653d81' level='level-48e9bfc1-6929-41f3-90d6-148a71448791' wallAtStart='wall-1e745d4d-5633-41d6-8eb9-b670612efd11' xStart='89.5' yStart='543.5602' xEnd='89.5' yEnd='3.6601562' height='270.0' thickness='20.0' pattern='hatchUp'>
    <texture attribute='leftSideTexture' name='Estucado' creator='Scopia' catalogId='eTeksScopia#white-little-roughcast' width='70.0' height='70.0' image='160'/>
    <texture attribute='rightSideTexture' name='Estucado' creator='Scopia' catalogId='eTeksScopia#white-little-roughcast' width='70.0' height='70.0' scale='0.3' image='160'/>
  </wall>
  <wall id='wall-1766b7f2-c098-42bc-bd83-55fa2d5e895d' level='level-48e9bfc1-6929-41f3-90d6-148a71448791' wallAtEnd='wall-a7a579c2-5280-41c9-8647-d05781c0d387' xStart='159.5' yStart='876.0601' xEnd='89.5' yEnd='876.0601' height='270.0' thickness='20.0' pattern='hatchUp'>
    <texture attribute='leftSideTexture' name='Pintura amarillo pastel a la esponja' creator='Scopia' catalogId='eTeksScopia#pastel-yellow-sponge-wallpaint' width='100.0' height='100.0' image='162'/>
    <texture attribute='rightSideTexture' name='Pintura amarillo pastel a la esponja' creator='Scopia' catalogId='eTeksScopia#pastel-yellow-sponge-wallpaint' width='100.0' height='100.0' image='162'/>
  </wall>
  <wall id='wall-a7a579c2-5280-41c9-8647-d05781c0d387' level='level-48e9bfc1-6929-41f3-90d6-148a71448791' wallAtStart='wall-1766b7f2-c098-42bc-bd83-55fa2d5e895d' xStart='89.5' yStart='876.0601' xEnd='89.5' yEnd='553.5602' height='270.0' thickness='20.0' pattern='hatchUp'>
    <texture attribute='leftSideTexture' name='Ladrillos viejos grises' creator='Scopia' catalogId='eTeksScopia#old_grey_bricks' width='100.0' height='100.0' image='161'/>
    <texture attribute='rightSideTexture' name='Pintura amarillo pastel a la esponja' creator='Scopia' catalogId='eTeksScopia#pastel-yellow-sponge-wallpaint' width='100.0' height='100.0' image='162'/>
  </wall>
  <wall id='wall-cf65c5d8-0d9f-4d77-a2ca-1dac83a9f5a0' level='level-48e9bfc1-6929-41f3-90d6-148a71448791' xStart='89.5' yStart='1143.8601' xEnd='89.5' yEnd='886.0601' height='270.0' thickness='20.0' pattern='hatchUp'>
    <texture attribute='rightSideTexture' name='Muro antiguo de piedras ' creator='Scopia' width='100.0' height='100.0' image='163'/>
  </wall>
  <wall id='wall-94de0d66-63fc-4ef1-8e61-3adfb234be00' level='level-48e9bfc1-6929-41f3-90d6-148a71448791' wallAtStart='wall-5d407d73-af9c-44d3-8b29-d0ce0b5dd057' xStart='89.5' yStart='1653.56' xEnd='89.49998' yEnd='1143.8601' height='270.0' thickness='20.0' pattern='hatchUp'>
    <texture attribute='rightSideTexture' name='Pintura amarillo pastel a la esponja' creator='Scopia' catalogId='eTeksScopia#pastel-yellow-sponge-wallpaint' width='100.0' height='100.0' image='162'/>
  </wall>
  <wall id='wall-5d407d73-af9c-44d3-8b29-d0ce0b5dd057' level='level-48e9bfc1-6929-41f3-90d6-148a71448791' wallAtStart='wall-94de0d66-63fc-4ef1-8e61-3adfb234be00' xStart='89.5' yStart='1653.56' xEnd='445.5' yEnd='1653.56' height='270.0' thickness='20.0' pattern='hatchUp'>
    <texture attribute='leftSideTexture' name='Pintura amarillo pastel a la esponja' creator='Scopia' catalogId='eTeksScopia#pastel-yellow-sponge-wallpaint' width='100.0' height='100.0' image='162'/>
    <texture attribute='rightSideTexture' name='Pintura azul a la esponja' creator='Scopia' catalogId='eTeksScopia#blue-sponge-wallpaint' width='100.0' height='100.0' image='164'/>
  </wall>
  <wall id='wall-3133d9de-a764-4001-985e-e99b56225378' level='level-48e9bfc1-6929-41f3-90d6-148a71448791' xStart='669.5' yStart='1230.9595' xEnd='669.49994' yEnd='416.0602' height='270.0' thickness='20.0' pattern='hatchUp'>
    <texture attribute='leftSideTexture' name='Muro de ladrillos viejos' creator='Scopia' catalogId='eTeksScopia#brick-wall-with-old-stones' width='100.0' height='100.0' image='165'/>
  </wall>
  <wall id='wall-b8718031-d8dd-44fc-a445-242324309eca' level='level-48e9bfc1-6929-41f3-90d6-148a71448791' wallAtStart='wall-e91c31d8-6dd2-4b81-8a5f-ffa833b4ed11' xStart='453.00845' yStart='1653.56' xEnd='670.5056' yEnd='1653.56' height='270.0' thickness='20.0' pattern='hatchUp'>
    <texture attribute='rightSideTexture' name='Pintura azul a la esponja' creator='Scopia' catalogId='eTeksScopia#blue-sponge-wallpaint' width='100.0' height='100.0' image='164'/>
  </wall>
  <wall id='wall-7244d40e-54ca-437a-9d8f-e948a1b2f3bf' level='level-8dbbfff1-953c-4a32-ae70-46f92ab68265' wallAtStart='wall-73acf500-2564-41e1-84fd-29a4da16d613' xStart='89.5' yStart='1653.56' xEnd='89.5' yEnd='1153.56' height='270.0' thickness='20.0' pattern='hatchUp'/>
  <wall id='wall-d04f4610-ae96-40f5-b500-7e8953c35aa1' level='level-8dbbfff1-953c-4a32-ae70-46f92ab68265' wallAtStart='wall-74e881c5-c3d7-488a-b015-a5eaa6297aea' xStart='455.5' yStart='876.0601' xEnd='89.5' yEnd='876.06006' height='270.0' thickness='20.0' pattern='hatchUp'>
    <texture attribute='leftSideTexture' name='Pintura amarillo pastel a la esponja' creator='Scopia' catalogId='eTeksScopia#pastel-yellow-sponge-wallpaint' width='100.0' height='100.0' image='162'/>
  </wall>
  <wall id='wall-851ec222-b060-4b30-b621-969814dc8873' level='level-8dbbfff1-953c-4a32-ae70-46f92ab68265' wallAtStart='wall-eecdbd6c-5ac6-4d28-a520-7c445c9139f8' xStart='453.00848' yStart='1461.107' xEnd='453.00848' yEnd='1653.56' height='270.0' thickness='15.0' pattern='hatchUp'>
    <texture attribute='leftSideTexture' name='Azulejos blancos' creator='Scopia' catalogId='eTeksScopia#basic-white-tile' width='20.0' height='20.0' scale='2.0' image='166'/>
  </wall>
  <wall id='wall-eecdbd6c-5ac6-4d28-a520-7c445c9139f8' level='level-8dbbfff1-953c-4a32-ae70-46f92ab68265' wallAtStart='wall-851ec222-b060-4b30-b621-969814dc8873' wallAtEnd='wall-fe0423db-594f-4407-aff7-b9c2039b36bc' xStart='453.00848' yStart='1461.107' xEnd='419.09253' yEnd='1461.107' height='270.0' thickness='15.0' pattern='hatchUp'>
    <texture attribute='rightSideTexture' name='Azulejos blancos' creator='Scopia' catalogId='eTeksScopia#basic-white-tile' width='20.0' height='20.0' scale='2.0' image='166'/>
  </wall>
  <wall id='wall-fe0423db-594f-4407-aff7-b9c2039b36bc' level='level-8dbbfff1-953c-4a32-ae70-46f92ab68265' wallAtEnd='wall-eecdbd6c-5ac6-4d28-a520-7c445c9139f8' xStart='419.09253' yStart='1248.607' xEnd='419.09253' yEnd='1461.107' height='270.0' thickness='15.0' pattern='hatchUp'>
    <texture attribute='leftSideTexture' name='Alfombra mejicana' creator='Scopia' catalogId='eTeksScopia#mexican-carpet' width='288.3' height='150.0' image='131'/>
  </wall>
  <wall id='wall-e535c08f-94c6-4dcd-880f-d5b854db96d0' level='level-8dbbfff1-953c-4a32-ae70-46f92ab68265' xStart='465.50528' yStart='1256.0988' xEnd='418.40527' yEnd='1256.0988' height='270.0' thickness='15.0' pattern='hatchUp'>
    <texture attribute='rightSideTexture' name='Pintura amarillo pastel a la esponja' creator='Scopia' catalogId='eTeksScopia#pastel-yellow-sponge-wallpaint' width='100.0' height='100.0' image='162'/>
  </wall>
  <wall id='wall-e55dc5b8-cd0c-44fc-b947-f072ae0b820c' level='level-8dbbfff1-953c-4a32-ae70-46f92ab68265' xStart='669.5' yStart='1271.2297' xEnd='559.6' yEnd='1271.2297' height='270.0' thickness='15.0' pattern='hatchUp'>
    <texture attribute='rightSideTexture' name='Pintura amarillo pastel a la esponja' creator='Scopia' catalogId='eTeksScopia#pastel-yellow-sponge-wallpaint' width='100.0' height='100.0' image='162'/>
  </wall>
  <wall id='wall-9137475b-1d27-4869-9e19-796f0571fea8' level='level-8dbbfff1-953c-4a32-ae70-46f92ab68265' xStart='669.5' yStart='1445.7072' xEnd='559.6' yEnd='1445.7072' height='210.0' thickness='15.0' pattern='hatchUp'/>
  <wall id='wall-ac10fdb7-96e6-44ba-9df8-c9bef41f6637' level='level-8dbbfff1-953c-4a32-ae70-46f92ab68265' xStart='465.50528' yStart='1151.0764' xEnd='88.63318' yEnd='1151.0764' height='270.0' thickness='15.0' pattern='hatchUp'>
    <texture attribute='rightSideTexture' name='Pintura amarillo pastel a la esponja' creator='Scopia' catalogId='eTeksScopia#pastel-yellow-sponge-wallpaint' width='100.0' height='100.0' image='162'/>
  </wall>
  <wall id='wall-31b12d6a-654e-47e4-af39-dbe8b98c06ec' level='level-8dbbfff1-953c-4a32-ae70-46f92ab68265' xStart='669.5' yStart='598.9792' xEnd='455.5' yEnd='598.9792' height='270.0' thickness='15.0' pattern='hatchUp'/>
  <wall id='wall-220696a1-e263-40a0-bc7b-4ffaf6fff62c' level='level-8dbbfff1-953c-4a32-ae70-46f92ab68265' wallAtStart='wall-cb386c6b-2b1e-4658-a019-cb5cc9403369' xStart='344.59973' yStart='106.063515' xEnd='344.59976' yEnd='543.5602' height='270.0' thickness='15.0' pattern='hatchUp'>
    <texture attribute='rightSideTexture' name='Estucado' creator='Scopia' catalogId='eTeksScopia#white-little-roughcast' width='70.0' height='70.0' scale='0.3' image='160'/>
  </wall>
  <wall id='wall-cb386c6b-2b1e-4658-a019-cb5cc9403369' level='level-8dbbfff1-953c-4a32-ae70-46f92ab68265' wallAtStart='wall-2cb2ddaf-d05f-411b-983f-e9a12025a0c2' wallAtEnd='wall-220696a1-e263-40a0-bc7b-4ffaf6fff62c' xStart='669.5' yStart='106.063515' xEnd='344.59973' yEnd='106.063515' height='270.0' thickness='15.0' pattern='hatchUp'>
    <texture attribute='rightSideTexture' name='Estucado' creator='Scopia' catalogId='eTeksScopia#white-little-roughcast' width='70.0' height='70.0' scale='0.3' image='160'/>
  </wall>
  <wall id='wall-36705251-7af1-4c5a-b460-edfd3d115206' level='level-8dbbfff1-953c-4a32-ae70-46f92ab68265' wallAtEnd='wall-2cb2ddaf-d05f-411b-983f-e9a12025a0c2' xStart='669.49994' yStart='1271.2297' xEnd='669.5' yEnd='598.9792' height='270.0' thickness='20.0' pattern='hatchUp'>
    <texture attribute='leftSideTexture' name='Muro de ladrillos viejos' creator='Scopia' catalogId='eTeksScopia#brick-wall-with-old-stones' width='100.0' height='100.0' image='165'/>
  </wall>
  <wall id='wall-2cb2ddaf-d05f-411b-983f-e9a12025a0c2' level='level-8dbbfff1-953c-4a32-ae70-46f92ab68265' wallAtStart='wall-36705251-7af1-4c5a-b460-edfd3d115206' wallAtEnd='wall-cb386c6b-2b1e-4658-a019-cb5cc9403369' xStart='669.5' yStart='598.9792' xEnd='669.5' yEnd='106.063515' height='270.0' thickness='20.0' pattern='hatchUp'/>
  <wall id='wall-bdcf9262-65f9-4a49-9464-f31c670d9e42' level='level-8dbbfff1-953c-4a32-ae70-46f92ab68265' wallAtEnd='wall-f63f94d5-807f-4543-9e36-3306886f39c2' xStart='669.5' yStart='1271.2297' xEnd='669.5' yEnd='1445.7072' height='270.0' thickness='20.0' pattern='hatchUp'/>
  <wall id='wall-f63f94d5-807f-4543-9e36-3306886f39c2' level='level-8dbbfff1-953c-4a32-ae70-46f92ab68265' wallAtStart='wall-bdcf9262-65f9-4a49-9464-f31c670d9e42' xStart='669.5' yStart='1445.7072' xEnd='669.5' yEnd='1663.56' height='270.0' thickness='20.0' pattern='hatchUp'/>
  <wall id='wall-d0476ab3-8aec-4927-8f8a-468da386a29c' level='level-48e9bfc1-6929-41f3-90d6-148a71448791' wallAtEnd='wall-bd3dfa98-5264-4087-8036-fbf4d244376a' xStart='669.5' yStart='1663.56' xEnd='669.5' yEnd='1916.1606' height='270.0' thickness='20.0' pattern='hatchUp'/>
  <wall id='wall-bd3dfa98-5264-4087-8036-fbf4d244376a' level='level-48e9bfc1-6929-41f3-90d6-148a71448791' wallAtStart='wall-d0476ab3-8aec-4927-8f8a-468da386a29c' wallAtEnd='wall-4be0e0ee-c6f2-4b72-b9bd-16d1433a8043' xStart='669.5' yStart='1916.1606' xEnd='89.5' yEnd='1916.1606' height='270.0' thickness='15.000001' pattern='hatchUp'>
    <texture attribute='rightSideTexture' name='Piedras rectangulares' creator='Scopia' catalogId='eTeksScopia#tiled-stones-for-bathroom' width='100.0' height='100.0' image='167'/>
  </wall>
  <wall id='wall-4be0e0ee-c6f2-4b72-b9bd-16d1433a8043' level='level-48e9bfc1-6929-41f3-90d6-148a71448791' wallAtStart='wall-bd3dfa98-5264-4087-8036-fbf4d244376a' xStart='89.5' yStart='1916.1606' xEnd='89.5' yEnd='1663.56' height='270.0' thickness='20.0' pattern='hatchUp'/>
  <wall id='wall-4382d315-8eac-477f-92f4-2106f1c3bec0' level='level-8dbbfff1-953c-4a32-ae70-46f92ab68265' wallAtEnd='wall-4b370ad6-bba8-4c6d-8046-85315a5e2e0a' xStart='89.5' yStart='1153.56' xEnd='89.499985' yEnd='876.0601' height='270.0' thickness='20.0' pattern='hatchUp'>
    <texture attribute='rightSideTexture' name='Muro antiguo de piedras ' creator='Scopia' width='100.0' height='100.0' image='163'/>
  </wall>
  <wall id='wall-4b370ad6-bba8-4c6d-8046-85315a5e2e0a' level='level-8dbbfff1-953c-4a32-ae70-46f92ab68265' wallAtStart='wall-4382d315-8eac-477f-92f4-2106f1c3bec0' wallAtEnd='wall-9bf7c247-b7cf-4060-a3d6-b3ac0302b850' xStart='89.499985' yStart='876.0601' xEnd='89.49998' yEnd='543.5602' height='270.0' thickness='20.0' pattern='hatchUp'/>
  <wall id='wall-9bf7c247-b7cf-4060-a3d6-b3ac0302b850' level='level-8dbbfff1-953c-4a32-ae70-46f92ab68265' wallAtStart='wall-4b370ad6-bba8-4c6d-8046-85315a5e2e0a' wallAtEnd='wall-6b7d7572-887c-491f-89f8-633f23b95dad' xStart='89.49998' yStart='543.5602' xEnd='344.59973' yEnd='543.5602' height='270.0' thickness='20.0' pattern='hatchUp' rightSideColor='FFA6C6D5'>
    <texture attribute='leftSideTexture' name='Estucado' creator='Scopia' catalogId='eTeksScopia#white-little-roughcast' width='70.0' height='70.0' scale='0.3' image='160'/>
  </wall>
  <wall id='wall-6b7d7572-887c-491f-89f8-633f23b95dad' level='level-8dbbfff1-953c-4a32-ae70-46f92ab68265' wallAtStart='wall-9bf7c247-b7cf-4060-a3d6-b3ac0302b850' wallAtEnd='wall-cac3714f-21c6-473e-99f6-9da2d1c25be5' xStart='344.59973' yStart='543.5602' xEnd='455.5' yEnd='543.5602' height='270.0' thickness='20.0' pattern='hatchUp' leftSideColor='FFA6C6D5' rightSideColor='FFA6C6D5'/>
  <wall id='wall-eb21735b-58c9-445c-a528-15d8229009d1' level='level-48e9bfc1-6929-41f3-90d6-148a71448791' wallAtEnd='wall-e91c31d8-6dd2-4b81-8a5f-ffa833b4ed11' xStart='453.00845' yStart='1230.9595' xEnd='453.00845' yEnd='1445.7072' height='270.0' thickness='15.0' pattern='hatchUp'/>
  <wall id='wall-e91c31d8-6dd2-4b81-8a5f-ffa833b4ed11' level='level-48e9bfc1-6929-41f3-90d6-148a71448791' wallAtStart='wall-eb21735b-58c9-445c-a528-15d8229009d1' wallAtEnd='wall-b8718031-d8dd-44fc-a445-242324309eca' xStart='453.00845' yStart='1445.7072' xEnd='453.00845' yEnd='1653.56' height='270.0' thickness='15.0' pattern='hatchUp'/>
  <wall id='wall-b9bcec60-30b1-4fcd-9c52-e4b1b40da3c7' level='level-48e9bfc1-6929-41f3-90d6-148a71448791' wallAtEnd='wall-0a48c768-4220-42c5-a567-ed97d223ed78' xStart='445.5' yStart='1230.9595' xEnd='453.00845' yEnd='1230.9595' height='270.0' thickness='15.0' pattern='hatchUp'>
    <texture attribute='leftSideTexture' name='Pintura amarillo pastel a la esponja' creator='Scopia' catalogId='eTeksScopia#pastel-yellow-sponge-wallpaint' width='100.0' height='100.0' image='162'/>
  </wall>
  <wall id='wall-0a48c768-4220-42c5-a567-ed97d223ed78' level='level-48e9bfc1-6929-41f3-90d6-148a71448791' wallAtStart='wall-b9bcec60-30b1-4fcd-9c52-e4b1b40da3c7' wallAtEnd='wall-711eb764-617c-4a4f-87db-7fe36e23b71f' xStart='453.00845' yStart='1230.9595' xEnd='669.5' yEnd='1230.9595' height='270.0' thickness='15.0' pattern='hatchUp'>
    <texture attribute='leftSideTexture' name='Pintura amarillo pastel a la esponja' creator='Scopia' catalogId='eTeksScopia#pastel-yellow-sponge-wallpaint' width='100.0' height='100.0' image='162'/>
  </wall>
  <wall id='wall-a0f7db2c-79b8-4735-a03c-0009c108f099' level='level-48e9bfc1-6929-41f3-90d6-148a71448791' wallAtStart='wall-16267ada-10b8-4064-aa5b-c349f87925b5' xStart='669.5' yStart='1445.7072' xEnd='669.5' yEnd='1663.56' height='270.0' thickness='20.0' pattern='hatchUp'/>
  <wall id='wall-bdf1d0a9-87de-488a-b11f-8d8150438b8b' level='level-48e9bfc1-6929-41f3-90d6-148a71448791' xStart='669.5' yStart='1324.1171' xEnd='614.5' yEnd='1324.1171' height='270.0' thickness='7.0' pattern='hatchUp'/>
  <wall id='wall-fedccf59-6172-4e20-933f-a9e3a2920329' level='level-48e9bfc1-6929-41f3-90d6-148a71448791' xStart='546.22534' yStart='1445.7072' xEnd='546.22534' yEnd='1379.2788' height='210.0' thickness='7.0' pattern='hatchUp'/>
  <wall id='wall-cac3714f-21c6-473e-99f6-9da2d1c25be5' level='level-8dbbfff1-953c-4a32-ae70-46f92ab68265' wallAtStart='wall-6b7d7572-887c-491f-89f8-633f23b95dad' wallAtEnd='wall-74e881c5-c3d7-488a-b015-a5eaa6297aea' xStart='455.5' yStart='543.5602' xEnd='455.5' yEnd='598.9792' height='270.0' thickness='20.0' pattern='hatchUp'/>
  <wall id='wall-74e881c5-c3d7-488a-b015-a5eaa6297aea' level='level-8dbbfff1-953c-4a32-ae70-46f92ab68265' wallAtStart='wall-cac3714f-21c6-473e-99f6-9da2d1c25be5' wallAtEnd='wall-d04f4610-ae96-40f5-b500-7e8953c35aa1' xStart='455.5' yStart='598.9792' xEnd='455.5' yEnd='876.0601' height='270.0' thickness='20.0' pattern='hatchUp'/>
  <wall id='wall-73acf500-2564-41e1-84fd-29a4da16d613' level='level-8dbbfff1-953c-4a32-ae70-46f92ab68265' wallAtStart='wall-7244d40e-54ca-437a-9d8f-e948a1b2f3bf' wallAtEnd='wall-f9493e12-df6d-419a-b5f1-b77e29947931' xStart='89.5' yStart='1653.56' xEnd='453.00848' yEnd='1653.56' height='270.0' thickness='20.0' pattern='hatchUp'>
    <texture attribute='rightSideTexture' name='Pintura azul a la esponja' creator='Scopia' catalogId='eTeksScopia#blue-sponge-wallpaint' width='100.0' height='100.0' image='164'/>
  </wall>
  <wall id='wall-f9493e12-df6d-419a-b5f1-b77e29947931' level='level-8dbbfff1-953c-4a32-ae70-46f92ab68265' wallAtStart='wall-73acf500-2564-41e1-84fd-29a4da16d613' xStart='453.00848' yStart='1653.56' xEnd='669.5' yEnd='1653.56' height='270.0' thickness='20.0' pattern='hatchUp'>
    <texture attribute='rightSideTexture' name='Pintura azul a la esponja' creator='Scopia' catalogId='eTeksScopia#blue-sponge-wallpaint' width='100.0' height='100.0' image='164'/>
  </wall>
  <wall id='wall-5f32fa0e-30ce-42ca-a5fc-bdcbb1d56d97' level='level-48e9bfc1-6929-41f3-90d6-148a71448791' wallAtEnd='wall-66120282-7815-4c1d-9f2a-b5f77b27f4b0' xStart='669.5' yStart='1445.7072' xEnd='546.22534' yEnd='1445.7072' height='270.0' thickness='15.0' pattern='hatchUp'>
    <texture attribute='rightSideTexture' name='Encimera de mármol blanco' creator='Scopia' catalogId='eTeksScopia#white-marble' width='40.0' height='40.0' scale='3.0' image='168'/>
  </wall>
  <wall id='wall-66120282-7815-4c1d-9f2a-b5f77b27f4b0' level='level-48e9bfc1-6929-41f3-90d6-148a71448791' wallAtStart='wall-5f32fa0e-30ce-42ca-a5fc-bdcbb1d56d97' xStart='546.22534' yStart='1445.7072' xEnd='453.00848' yEnd='1445.7072' height='270.0' thickness='15.0' pattern='hatchUp'>
    <texture attribute='rightSideTexture' name='Encimera de mármol blanco' creator='Scopia' catalogId='eTeksScopia#white-marble' width='40.0' height='40.0' scale='3.0' image='168'/>
  </wall>
  <wall id='wall-711eb764-617c-4a4f-87db-7fe36e23b71f' level='level-48e9bfc1-6929-41f3-90d6-148a71448791' wallAtStart='wall-0a48c768-4220-42c5-a567-ed97d223ed78' wallAtEnd='wall-16267ada-10b8-4064-aa5b-c349f87925b5' xStart='669.5' yStart='1230.9595' xEnd='669.5' yEnd='1324.1171' height='270.0' thickness='20.0' pattern='hatchUp'>
    <texture attribute='rightSideTexture' name='Encimera de mármol blanco' creator='Scopia' catalogId='eTeksScopia#white-marble' width='40.0' height='40.0' scale='3.0' image='168'/>
  </wall>
  <wall id='wall-16267ada-10b8-4064-aa5b-c349f87925b5' level='level-48e9bfc1-6929-41f3-90d6-148a71448791' wallAtStart='wall-711eb764-617c-4a4f-87db-7fe36e23b71f' wallAtEnd='wall-a0f7db2c-79b8-4735-a03c-0009c108f099' xStart='669.5' yStart='1324.1171' xEnd='669.5' yEnd='1445.7072' height='270.0' thickness='20.0' pattern='hatchUp'>
    <texture attribute='rightSideTexture' name='Encimera de mármol blanco' creator='Scopia' catalogId='eTeksScopia#white-marble' width='40.0' height='40.0' scale='3.0' image='168'/>
  </wall>
  <room id='room-c75be76f-3d71-484b-92f8-ff9c441d20d3' level='level-48e9bfc1-6929-41f3-90d6-148a71448791' ceilingFlat='true'>
    <texture attribute='floorTexture' name='Parquet inglés beige claro' creator='Scopia' catalogId='eTeksScopia#light-beige-parquet' width='100.0' height='100.0' image='153'/>
    <point x='465.5' y='553.5602'/>
    <point x='99.5' y='553.5601'/>
    <point x='99.5' y='866.0601'/>
    <point x='159.5' y='866.0601'/>
    <point x='159.5' y='886.0601'/>
    <point x='465.5' y='886.0601'/>
  </room>
  <room id='room-5c2a5d32-ba0c-4555-9f88-74c1b5bd6ec2' level='level-48e9bfc1-6929-41f3-90d6-148a71448791' ceilingVisible='false' ceilingFlat='true'>
    <texture attribute='floorTexture' name='Parquet inglés beige claro' creator='Scopia' catalogId='eTeksScopia#light-beige-parquet' width='100.0' height='100.0' image='153'/>
    <point x='99.5' y='886.0601'/>
    <point x='99.5' y='1143.56'/>
    <point x='465.5' y='1143.56'/>
    <point x='465.5' y='886.0601'/>
  </room>
  <room id='room-94ff4a8d-dfc3-4fb4-9533-6381381915d3' level='level-48e9bfc1-6929-41f3-90d6-148a71448791' ceilingFlat='true'>
    <texture attribute='floorTexture' name='Parquet inglés beige claro' creator='Scopia' catalogId='eTeksScopia#light-beige-parquet' width='100.0' height='100.0' image='153'/>
    <point x='99.5' y='1143.56'/>
    <point x='99.5' y='1643.56'/>
    <point x='111.5' y='1643.56'/>
    <point x='111.5' y='1663.56'/>
    <point x='433.5' y='1663.56'/>
    <point x='433.5' y='1643.56'/>
    <point x='445.5' y='1643.56'/>
    <point x='445.49997' y='1223.56'/>
    <point x='659.5' y='1223.56'/>
    <point x='659.5' y='1143.56'/>
    <point x='445.49997' y='1143.56'/>
  </room>
  <room id='room-0b38c159-1538-4103-a3b6-6e188a48b58c' level='level-48e9bfc1-6929-41f3-90d6-148a71448791' ceilingFlat='true'>
    <texture attribute='floorTexture' name='Parquet inglés beige claro' creator='Scopia' catalogId='eTeksScopia#light-beige-parquet' width='100.0' height='100.0' image='153'/>
    <point x='445.5' y='426.0602'/>
    <point x='659.5' y='426.0602'/>
    <point x='659.5' y='606.5602'/>
    <point x='564.5' y='606.5602'/>
    <point x='564.5' y='1143.56'/>
    <point x='465.5' y='1143.56'/>
    <point x='465.5' y='533.5602'/>
    <point x='445.5' y='533.5062'/>
  </room>
  <room id='room-607fcb6a-59c9-486e-b076-8c6ae94e747f' level='level-48e9bfc1-6929-41f3-90d6-148a71448791' ceilingVisible='false' ceilingFlat='true'>
    <texture attribute='floorTexture' name='Parquet inglés beige claro' creator='Scopia' catalogId='eTeksScopia#light-beige-parquet' width='100.0' height='100.0' image='153'/>
    <point x='564.5' y='606.5602'/>
    <point x='659.5' y='606.5602'/>
    <point x='659.5' y='1143.56'/>
    <point x='564.5' y='1143.56'/>
  </room>
  <room id='room-056f61fa-dbec-42cb-930f-8bf975dc594a' level='level-48e9bfc1-6929-41f3-90d6-148a71448791' ceilingFlat='true'>
    <texture attribute='floorTexture' name='Moqueta gris' creator='Scopia' catalogId='eTeksScopia#floor-carpeting-grey' width='150.0' height='150.0' scale='0.3' image='154'/>
    <point x='460.48334' y='1663.56'/>
    <point x='659.475' y='1663.56'/>
    <point x='659.475' y='1238.56'/>
    <point x='460.48334' y='1238.56'/>
  </room>
  <room id='room-ceae7fe0-273f-4666-bd77-206c73f87965' level='level-8dbbfff1-953c-4a32-ae70-46f92ab68265' ceilingVisible='false' ceilingFlat='true'>
    <texture attribute='floorTexture' name='Parquet inglés beige claro' creator='Scopia' width='100.0' height='100.0' image='153'/>
    <point x='465.5' y='1143.56'/>
    <point x='564.5' y='1143.56'/>
    <point x='564.5' y='606.5602'/>
    <point x='465.5' y='606.5602'/>
    <point x='465.5' y='886.0601'/>
  </room>
  <room id='room-886200b7-3d5f-4d28-a3c7-8eacc033b280' level='level-8dbbfff1-953c-4a32-ae70-46f92ab68265' ceilingVisible='false' ceilingFlat='true'>
    <texture attribute='floorTexture' name='Parquet inglés beige claro' creator='Scopia' catalogId='eTeksScopia#light-beige-parquet' width='100.0' height='100.0' image='153'/>
    <point x='465.50528' y='1158.5764'/>
    <point x='465.5' y='1248.56'/>
    <point x='411.5' y='1248.56'/>
    <point x='411.5' y='1468.56'/>
    <point x='445.5' y='1468.56'/>
    <point x='445.5' y='1643.56'/>
    <point x='99.5' y='1643.56'/>
    <point x='99.5' y='1158.5764'/>
  </room>
  <room id='room-519140d8-c28a-43e5-af46-2e1e3ee6a42f' level='level-8dbbfff1-953c-4a32-ae70-46f92ab68265' ceilingVisible='false' ceilingFlat='true'>
    <texture attribute='floorTexture' name='Parquet inglés beige claro' creator='Scopia' width='100.0' height='100.0' image='153'/>
    <point x='659.5' y='1143.56'/>
    <point x='659.5' y='1263.56'/>
    <point x='465.5' y='1263.56'/>
    <point x='465.5' y='1143.56'/>
    <point x='564.5' y='1143.56'/>
  </room>
  <room id='room-0c510c9e-5237-4eac-9084-d502ed68573e' level='level-8dbbfff1-953c-4a32-ae70-46f92ab68265' ceilingFlat='true'>
    <texture attribute='floorTexture' name='Parquet inglés beige claro' creator='Scopia' width='100.0' height='100.0' image='153'/>
    <point x='99.5' y='553.5601'/>
    <point x='445.5' y='553.5602'/>
    <point x='445.49997' y='866.0601'/>
    <point x='99.49999' y='866.06006'/>
  </room>
  <room id='room-a1456d4f-0210-4def-b361-7240cfe9f40f' level='level-8dbbfff1-953c-4a32-ae70-46f92ab68265' ceilingVisible='false' ceilingFlat='true'>
    <texture attribute='floorTexture' name='Azulejos azul y beige' creator='Scopia' catalogId='eTeksScopia#old-floor-tile' width='40.0' height='40.0' image='155'/>
    <point x='460.50848' y='1643.56'/>
    <point x='559.5085' y='1643.56'/>
    <point x='559.5085' y='1263.5988'/>
    <point x='426.59253' y='1263.5988'/>
    <point x='426.59253' y='1453.607'/>
    <point x='460.50848' y='1453.607'/>
  </room>
  <room id='room-8b1b0eab-f09c-4eaa-9a48-806b0bc35de5' level='level-8dbbfff1-953c-4a32-ae70-46f92ab68265' ceilingVisible='false' ceilingFlat='true'>
    <texture attribute='floorTexture' name='Tierra arenosa' creator='Scopia' catalogId='eTeksScopia#sandy-soil' width='100.0' height='100.0' scale='0.25' image='156'/>
    <point x='559.5085' y='1643.56'/>
    <point x='659.5' y='1643.56'/>
    <point x='659.5' y='1263.56'/>
    <point x='559.5085' y='1263.5988'/>
  </room>
  <room id='room-0e894a21-3d34-4003-bcc9-cf2612c69e50' level='level-8dbbfff1-953c-4a32-ae70-46f92ab68265' ceilingVisible='false' ceilingFlat='true'>
    <texture attribute='floorTexture' name='Parquet inglés beige claro' creator='Scopia' width='100.0' height='100.0' image='153'/>
    <point x='465.5' y='533.5602'/>
    <point x='352.0' y='533.5602'/>
    <point x='352.0' y='113.56018'/>
    <point x='659.5' y='113.56018'/>
    <point x='659.49994' y='591.4792'/>
    <point x='465.5' y='591.4792'/>
  </room>
  <room id='room-d4c773e1-9670-4c78-a89f-18dca1304106' level='level-ffc2e599-1cc6-4d21-97f1-bdf342efae3b' areaVisible='true' ceilingVisible='false' ceilingFlat='true'>
    <point x='79.49998' y='533.5602'/>
    <point x='337.09976' y='533.5602'/>
    <point x='337.09973' y='98.563515'/>
    <point x='679.5' y='98.563515'/>
    <point x='679.49994' y='1663.56'/>
    <point x='79.5' y='1663.56'/>
  </room>
  <room id='room-54b08728-4da2-4e8b-adbc-1fa438e4232b' level='level-48e9bfc1-6929-41f3-90d6-148a71448791' areaVisible='true' ceilingVisible='false' ceilingFlat='true'>
    <texture attribute='floorTexture' name='Verde patinado' creator='Scopia' catalogId='eTeksScopia#wall-effect-green-tadelakt' width='100.0' height='100.0' image='157'/>
    <point x='99.5' y='1663.56'/>
    <point x='99.5' y='1908.56'/>
    <point x='659.5' y='1908.56'/>
    <point x='659.5' y='1663.56'/>
  </room>
  <room id='room-d6a0af33-ad56-45bc-b89d-af3f95ec0a6b' level='level-48e9bfc1-6929-41f3-90d6-148a71448791' ceilingFlat='true'>
    <texture attribute='floorTexture' name='Azulejos de Piedra' creator='eTeks' catalogId='eTeks#stoneTiles' width='60.0' height='40.0' image='158'/>
    <point x='337.09973' y='98.509674'/>
    <point x='619.93994' y='98.06137'/>
    <point x='619.93994' y='366.0064'/>
    <point x='445.5' y='366.0064'/>
    <point x='445.5' y='533.5602'/>
    <point x='337.09976' y='533.5602'/>
  </room>
  <room id='room-228970ce-79e4-47c9-89b5-1b53235ce21c' level='level-48e9bfc1-6929-41f3-90d6-148a71448791' ceilingVisible='false' ceilingFlat='true'>
    <texture attribute='floorTexture' name='Azulejos de Piedra' creator='eTeks' catalogId='eTeks#stoneTiles' width='60.0' height='40.0' image='158'/>
    <point x='99.5' y='3.6601562'/>
    <point x='619.5' y='3.6601562'/>
    <point x='619.5' y='98.563515'/>
    <point x='337.09973' y='98.563515'/>
    <point x='337.0997' y='533.5602'/>
    <point x='99.5' y='533.5602'/>
  </room>
  <room id='room-ecbd401d-3b19-4767-929e-4192d9793bfe' level='level-8dbbfff1-953c-4a32-ae70-46f92ab68265' floorVisible='false' ceilingFlat='true'>
    <point x='99.499985' y='886.06006'/>
    <point x='465.5' y='886.0601'/>
    <point x='465.5' y='1143.56'/>
    <point x='99.5' y='1143.5764'/>
  </room>
  <room id='room-e0ba60cb-12bb-4bd2-8bad-17818812c48f' level='level-48e9bfc1-6929-41f3-90d6-148a71448791' ceilingFlat='true'>
    <texture attribute='floorTexture' name='Hierba' creator='Emmanuel Puybaret' catalogId='Puybaret#grass2' width='50.0' height='50.0' image='159'/>
    <point x='659.93994' y='98.11521'/>
    <point x='619.93994' y='98.11521'/>
    <point x='619.93994' y='405.6119'/>
    <point x='659.93994' y='405.6119'/>
  </room>
  <room id='room-625ab3c3-2cfd-49db-8a78-a954346a8c14' level='level-48e9bfc1-6929-41f3-90d6-148a71448791' ceilingVisible='false' ceilingFlat='true'>
    <texture attribute='floorTexture' name='Hierba' creator='Emmanuel Puybaret' catalogId='Puybaret#grass2' width='50.0' height='50.0' image='159'/>
    <point x='619.93994' y='98.11521'/>
    <point x='619.5' y='3.6601562'/>
    <point x='659.5' y='3.6601562'/>
    <point x='659.93994' y='98.11521'/>
  </room>
  <room id='room-36ca2667-3faa-4b82-987a-c1bd83619f3c' level='level-48e9bfc1-6929-41f3-90d6-148a71448791' ceilingFlat='true'>
    <texture attribute='floorTexture' name='Hierba' creator='Emmanuel Puybaret' catalogId='Puybaret#grass2' width='50.0' height='50.0' image='159'/>
    <point x='445.5' y='406.0602'/>
    <point x='445.5' y='366.0602'/>
    <point x='619.93994' y='366.0602'/>
    <point x='619.93994' y='406.0602'/>
  </room>
</home>